node,stability_so_far
allan,0.58
mclachlin,0.58
jameson,0.58
groot,0.58
fate,0.41
squat,0.4
elsevi,0.58
kretser,0.58
saunder,0.58
incl,0.42
lipids,0.42
roaccutane,0.31
sunlight,0.31
bitch,0.37
tit,0.37
beginner,0.24
explainer,0.24
cue,0.39
mirror,0.4
cycling,0.34
resurface,0.34
advantageous,0.45
prematurely,0.45
cypinate,0.35
simply:-,0.35
dignify,0.25
ethically,0.25
circle,0.35
procreate,0.35
strange,0.35
fertilizer,0.41
shutdown,0.41
leaching,0.41
entitled,0.45
taker,0.45
grossly,0.41
immunity,0.41
pesticide,0.41
chasing,0.41
d’etre,0.45
junior,0.45
witness,0.45
niche,0.45
raison,0.45
earth,0.45
skill,0.45
disappointing,0.31
mimics,0.31
eureka,0.45
fullness,0.29
assumption,0.45
miracle,0.45
strapline,0.45
spectacular,0.45
additive,0.26
improperly,0.26
conception,0.36
unreasonable,0.36
constraint,0.35
feasible,0.35
unachievable,0.35
manager,0.33
pcm,0.33
aas,0.41
haematochromatosis,0.41
comb,0.45
mane,0.45
intracranial,0.41
chitchat,0.45
bubble,0.35
syringe,0.35
angle,0.35
destruction,0.41
bump,0.45
blvd,0.18
positas,0.18
las,0.18
stanfordhealthcare.org,0.21
technical,0.21
hostile,0.26
personality,0.26
jean,0.41
m.b.a,0.41
calcification,0.27
hopkin,0.27
exemestane,0.38
lazy,0.39
experiment,0.4
organize,0.4
interactive,0.3
invaluable,0.28
aetiology,0.41
panhypopituitarism,0.41
psychiatric,0.39
recruit,0.39
disruptor,0.38
allowance,0.63
rda,0.63
cmd,0.41
timothy,0.41
abbott,0.4
solvay,0.4
laboratories,0.4
proc,0.54
pubmed.ncbi.nlm.nih.gov/27313122/.,0.54
dubious,0.35
nearby,0.44
ag030644,0.41
u01,0.41
diego,0.41
minnesota,0.41
genotypically,0.41
phenotypically,0.41
puget,0.41
alabama,0.41
birmingham,0.41
feinberg,0.41
brigham,0.41
bilateral,0.41
albert,0.41
einstein,0.41
caveat,0.37
inherently,0.44
disseminate,0.45
handout,0.45
comforting,0.35
globe,0.45
c.p.t,0.42
r.d,0.42
trainer,0.42
blye,0.44
elyse,0.44
arthur,0.35
patrick,0.35
walsh,0.35
alive,0.42
ritual,0.42
gathering,0.42
demotivate,0.76
retired,0.76
plate,0.76
starch,0.76
serving,0.76
fulfill,0.46
oomph,0.46
dream,0.45
boyle,0.29
lyon,0.29
reframe,0.65
tradeoff,0.63
1improvement,0.45
2improved,0.45
3improved,0.45
4improved,0.43
5increased,0.43
authentically,0.32
undermine,0.32
6increase,0.43
sleuthing,0.32
dietician,0.38
tandem,0.38
companion,0.32
thickness,0.43
7improve,0.43
8improve,0.43
construct,0.45
sufficiency,0.45
9increase,0.42
excite,0.36
joyful,0.36
passionate,0.31
j.a,0.25
mendonça,0.25
frustrated,0.45
nagging,0.44
e2348692,0.25
pp.e2348692,0.25
almeida,0.25
ferreira,0.25
aboriginal,0.29
strait,0.29
islander,0.29
psychosis,0.54
schizophrenia,0.54
bulimia,0.54
khan,0.58
lucia,0.58
m.a,0.58
preston,0.58
s.e,0.58
torre,0.29
socialize,0.31
undiagnosed,0.3
g.r,0.58
bachelor,0.4
sheffield,0.4
fulfil,0.41
o’leary,0.58
socialization,0.45
untrue,0.45
scholarship,0.41
elizabethtown,0.41
t.g,0.58
travison,0.58
accusation,0.46
steer,0.46
hon,0.41
dps,0.41
bsc,0.41
p.1512268,0.58
frsa,0.41
mbcs,0.41
minstlm,0.41
mrsb,0.41
biotech,0.41
insensitive,0.41
insensitivity,0.41
40s-60s,0.43
60s-80s,0.43
imagen,0.41
drain,0.45
wrecked,0.45
organisation,0.29
accho,0.29
sectional,0.58
treating,0.45
wasting,0.45
grubhub,0.45
helping,0.39
netflix,0.45
cui,0.38
zhang,0.38
shen,0.38
gao,0.38
13a,0.41
parkview,0.41
toledo,0.26
undergrad,0.28
accredit,0.24
ukas,0.24
loyola,0.22
kadali,0.15
lalitha,0.15
chew,0.35
pouch,0.35
startedtestosterone,0.24
reconstruction,0.2
haven,0.4
stanton.honig@yale.edu,0.4
orchard,0.4
cornerstone,0.76
tweak,0.76
stew,0.76
juice,0.76
auaer,0.28
ucf,0.28
seared,0.76
embark,0.37
gently,0.38
software,0.28
upload,0.28
bake,0.76
precipitously,0.45
uniformly,0.45
infrastructure,0.28
garage,0.45
popup,0.45
blossom,0.45
counterproductive,0.76
sabotage,0.75
compatible,0.76
cook,0.76
allergic,0.65
taste,0.65
licensable,0.49
promotional,0.28
kindly,0.35
omit,0.35
sacrifice,0.65
keith,0.52
kprice@auanet.org,0.52
validity,0.52
eurycoma,0.5
longifolia,0.5
namesake,0.5
caffeine,0.74
pilz,0.74
cup,0.74
eurycomanone,0.5
ius,0.74
allude,0.54
asia,0.72
originating,0.72
confederacion,0.24
unabridged,0.24
americana,0.24
urologia,0.24
par,0.74
superfood,0.74
india,0.74
ayurveda,0.74
cau,0.24
algorithm,0.24
delicious,0.74
inversely,0.74
kurtz,0.58
landon,0.58
bruce,0.58
redmon,0.58
kelly,0.58
chiles,0.58
aphrodisiac,0.76
symbol,0.76
diameter,0.42
millimeter,0.42
cartoon,0.66
popeye,0.65
character,0.66
gout,0.76
purine,0.76
sterilize,0.76
mercury,0.76
deborah,0.58
lightner,0.58
martin,0.58
miner,0.58
hassan,0.58
automated,0.41
interplay,0.41
preservative,0.76
dea,0.43
inspection,0.43
murad,0.58
hello,0.45
microphone,0.45
presumably,0.76
yolk,0.76
predate,0.36
uneasy,0.36
monosaturate,0.71
virgin,0.72
moroccan,0.76
elizabeth,0.58
heartburn,0.45
omeprazole,0.45
platz,0.58
scd,0.58
mph,0.58
surprisingly,0.45
marc,0.45
unc,0.45
lakshmi,0.58
bioactive,0.28
load,0.28
ramanathan,0.58
gimmicky,0.45
untested,0.45
staple,0.75
sustainably,0.59
boast,0.75
lewis,0.58
executive,0.58
pressed,0.45
flank,0.42
vomiting,0.42
bimix,0.35
quadmix,0.35
hum,0.45
disintegrate,0.35
sauna,0.42
tub,0.42
whirlpool,0.42
troche,0.35
myers,0.25
writer,0.25
umiami,0.25
wyatt,0.25
nandrolone,0.35
stanozolol,0.35
oxandrolone,0.35
creativity,0.45
probe,0.45
goodrx,0.45
singlecare,0.45
backfire,0.44
candle,0.44
beer,0.44
laden,0.44
insult,0.44
mid-20,0.44
johnson,0.39
respectful,0.39
devote,0.36
establishment,0.35
dane,0.39
golf,0.34
grass,0.33
hyperestrogenemia,0.36
recurrence,0.36
mucosal,0.35
mucous,0.35
broadcast,0.2
pkg,0.19
categorization,0.32
conceptually,0.32
adequacy,0.36
categorizes,0.36
hse,0.35
ireland,0.35
homologous,0.41
lutenize,0.41
generalizable,0.36
andr.12770,0.58
doi:10.1111,0.58
eaa,0.58
jc.2018,0.58
diem,0.32
doi:10.3949,0.32
ccjm.91a.23064,0.32
doi:10.1056,0.32
nejmoa2215025,0.32
shumaker,0.32
exclusively,0.35
formally,0.36
excipient,0.35
permeator,0.35
anosmia,0.41
blindness,0.41
masturbation,0.19
receipt,0.2
al.4,0.37
millar,0.37
speculation,0.2
feldman,0.32
mid-,0.32
late-30s,0.32
nad,0.36
slang,0.35
finer,0.41
shorten,0.41
"+1,150%)—likely",0.2
terms—“secret,0.2
nexus,0.2
webinar,0.45
youtube,0.45
gso,0.35
shallower,0.35
kudo,0.45
pat,0.45
briefly,0.44
capability,0.44
corticotropin,0.39
testosterone.9,0.39
plug,0.45
suspend,0.35
coefficient,0.37
plague,0.37
precision.10,0.37
bathe,0.35
fortesta,0.35
soak,0.35
vogelxo,0.35
revitalize,0.19
unverified,0.2
speculative,0.2
jatenzo,0.35
tlando,0.35
lymph,0.35
graft,0.35
grafting,0.35
bless,0.45
overwhelmed,0.45
fda‐registered,0.22
lengthen,0.35
induration,0.39
palpable,0.39
stitch,0.35
bent,0.35
plication,0.35
evenly,0.37
uptick,0.36
harmonization,0.37
pathologist,0.37
appalachia,0.37
sera,0.37
chromatography,0.36
spectrometry,0.36
oklahoma,0.37
idaho,0.37
arkansa,0.37
wyoming,0.37
deformity,0.33
hourglass,0.33
curve,0.33
collagen,0.33
fasting,0.35
forecast,0.33
arizona,0.3
tennessee,0.3
degeneration,0.48
hasten,0.48
constrictive,0.35
cumbersome,0.35
altered,0.44
neglect,0.44
stature,0.44
accomplishment,0.42
election,0.3
presidential,0.3
contradict,0.36
pool,0.36
d.c,0.3
island,0.3
distinction,0.4
similarity,0.4
rhode,0.3
delaware,0.3
backseat,0.45
jog,0.45
empire,0.45
war,0.45
toyota,0.45
camry,0.45
intertwine,0.27
leaning,0.27
talent,0.45
jointed,0.45
reignite,0.27
customizable,0.29
application.228,0.35
enhancer,0.35
solubility,0.35
capogrosso,0.43
prof,0.43
sponsoring,0.58
yialamas,0.58
occlusive,0.35
washing,0.35
fold.415,0.35
men,0.31
survivorship,0.29
therapies.417,0.35
dysmorphophobia,0.28
hypoactive,0.2
cervix,0.47
sti,0.47
transgender,0.47
phimosis,0.47
culturally,0.44
resonate,0.44
stimulant,0.47
t.h,0.43
otc,0.47
hours.424,0.39
minutes.425,0.37
ethnicity,0.37
household,0.37
income,0.37
rural,0.27
suburban,0.28
mirroring,0.35
predefine,0.45
symptomology,0.46
aneurysm,0.42
aortic,0.42
smack,0.45
yearlong,0.45
dab,0.45
desai,0.4
sethi,0.4
uhealth,0.4
bioequivalence,0.34
values.428,0.34
brca,0.37
con’t,0.47
recording,0.45
noteworthy,0.35
rhythm.181,0.35
beef,0.76
poultry,0.76
skinless,0.76
berry,0.76
carrot,0.76
broccoli,0.76
maria,0.58
navy,0.76
lentil,0.76
behavioural,0.38
cbt,0.38
hpv,0.46
monkeypox,0.46
chickpeas,0.76
hays,0.37
taylor,0.37
oat,0.76
pneumococcal,0.46
shingle,0.46
minn,0.37
wheat,0.76
influenza,0.46
tetanus,0.46
glucagon,0.41
peptide-1,0.41
cereal,0.76
phytoestrogen,0.76
wine,0.76
robyn,0.15
zercher,0.15
fnp,0.15
pasta,0.76
snack,0.76
prep,0.32
prohylaxis,0.32
baton,0.39
ext,0.39
rouge,0.39
slidell,0.39
covington,0.39
tammany,0.39
parish,0.39
northshore,0.39
kenner,0.39
shiny,0.44
wipe,0.44
alvin,0.58
baptist,0.39
hwy,0.39
jefferson,0.39
(aspen,0.35
phenylpropionate,0.35
isocaproate,0.35
(bayer,0.35
brother,0.45
tall,0.45
avanafil,0.35
stendra,0.35
preexposure,0.32
professionally,0.28
unlimited,0.28
https://www.hormone.org/diseases-and-conditions/low-testosteronetestosterone-associate,0.38
https://www.hormone.org/your-health-and-hormones/glands-and-hormones-a-to-z/hormones/testosteronelow,0.39
patients.181,0.35
vesicle,0.35
pain.431,0.35
https://www.ncbi.nlm.nih.gov/pmc/articles/pmc6266690/,0.35
adhesive,0.35
muco,0.35
incisor,0.35
daily.432,0.35
integrate,0.39
specialties,0.39
gulf,0.4
nonprofit,0.4
alan,0.39
edith,0.39
wolff,0.39
chlamydia,0.46
gonorrhea,0.46
syphilis,0.46
hike,0.45
park,0.45
hop,0.45
italy,0.45
purgatorio,0.45
purgatory,0.45
restaurant,0.45
1gm,0.35
4ml,0.35
florence,0.45
dysmorphia/”bigorexia,0.46
hydration,0.35
levels.433,0.35
dysmorphic,0.46
felson,0.15
sabrina,0.15
audience,0.45
caverject,0.35
edex,0.35
phentolamine,0.35
oraverse,0.35
authentic,0.45
neapolitan,0.45
pizza,0.45
canine,0.35
hydrate,0.35
diving,0.45
underwater,0.45
photography,0.45
piggyback,0.45
semi,0.45
apart.432,0.35
downhill,0.45
hodis,0.58
ski,0.45
racing,0.45
palpitation,0.45
running,0.45
restlessness,0.45
nasopharyngitis,0.35
rhinorrhea,0.35
epistaxis,0.35
men.436,0.35
browser,0.46
html5,0.46
app,0.46
bolt,0.37
newly,0.36
hyperestrogenism,0.46
partially,0.46
nada,0.45
zip,0.45
telling,0.45
qualitatively,0.44
quantitatively,0.45
realistically,0.45
vague,0.45
concert,0.44
masse,0.43
fluoride,0.75
laryngologist,0.72
storm,0.46
subside,0.46
mini,0.45
fly,0.42
sheep,0.41
biomedical,0.41
states).440,0.32
undenaconate,0.35
discrimination,0.45
dnv,0.45
webmaster,0.38
pediatrician,0.32
shrug,0.32
individualization,0.31
loading,0.31
goserelin,0.41
triptorelin,0.41
biosynthesis,0.41
leuprolide,0.41
metoclopramide,0.41
psychoactive,0.41
lake,0.33
strengthening,0.76
unprocessed,0.76
benzyl,0.35
microemboli,0.35
benzoate,0.35
component.438,0.35
boxed,0.35
mitigation,0.36
scheduling,0.26
multisystem,0.41
prad,0.41
cough,0.3
duration.443,0.3
conservatively,0.3
hayes,0.58
https://thescoperadio.com,0.45
https://www.facebook.com/whocaresmenshealth,0.45
https://whocaresmenshealth.com,0.45
patches.182,0.35
reformulate,0.35
crystalline,0.35
hypoplasia,0.41
underdevelopment,0.41
evan,0.41
hadley,0.41
atlanta,0.42
profilesexplore,0.43
gupta,0.59
hackett,0.59
https://www.ncbi.nlm.nih.gov/books/nbk549843/,0.59
hearnshaw,0.23
pp.238,0.23
ltd,0.59
channel,0.35
ecchymose,0.35
headline,0.59
s.l,0.59
huo,0.25
scialli,0.25
a.r,0.25
mcgarvey,0.25
hill,0.25
tügertimur,0.25
hogenmiller,0.25
hirsch,0.25
a.i,0.25
fugh,0.25
berman,0.25
pp.42,0.59
gurney,0.59
enantate,0.35
inflate,0.35
rod,0.35
semirigid,0.35
glenn,0.58
virormone,0.35
(nordic,0.35
bendable,0.35
plos,0.25
p.e0162480,0.25
superficial,0.35
skin.449,0.35
merit,0.45
recheck,0.45
guasti,0.59
parede,0.59
juan,0.58
aquino,0.59
fernández,0.59
pp.557,0.59
ventura,0.59
verboon,0.59
dewitte,0.59
jacobs,0.59
thewissen,0.59
coagulant,0.4
hematoma,0.41
lankveld,0.59
shalender,0.58
https://www.ncbi.nlm.nih.gov/pmc/articles/pmc1476110/,0.59
polycthemia,0.41
neuroimage,0.59
rajfer,0.59
pp.855,0.59
magnetic,0.59
moserthroughout,0.22
sara,0.22
resonance,0.59
p=0.03).220,0.38
burnod,0.59
issac,0.59
paradi,0.59
bittoun,0.59
fare,0.21
glutron,0.59
pélégrini,0.59
moura,0.59
stoléru,0.59
"(ferring),gel",0.35
mg/5,0.35
jcem,0.58
discrete,0.31
packaging,0.31
https://www.ncbi.nlm.nih.gov/books/nbk513278/,0.59
butterfly,0.41
gabrielson,0.41
"events,363",0.37
"risk,233",0.37
risk.373,0.37
"analysis,372",0.37
testogel,0.35
"(besin),gel",0.35
durland,0.49
zito,0.5
panchatsharam,0.48
pp.349,0.48
eric,0.44
laborde,0.44
conferencing,0.45
overstate,0.45
irreversible,0.32
underutilise,0.33
abhinav,0.27
prevail,0.26
vol,0.48
handbook,0.31
tostran,0.35
"(prostrakan),gel",0.35
circulating,0.36
hospitalization,0.36
fruzzetti,0.35
p.100426,0.35
hazlett,0.35
kadono,0.59
mizokami,0.59
namiki,0.59
prod,0.41
trh,0.41
nohara,0.59
izumi,0.59
hospitalize,0.4
remained,0.4
iijima,0.59
kawaguchi,0.59
shigehara,0.59
barne,0.28
jewish,0.28
kato,0.59
https://www.ncbi.nlm.nih.gov/books/nbk534827/,0.59
er.2017,0.58
lesson,0.58
https://www.urologyhealth.org/urologic-conditions/low-testosterone,0.58
caban,0.59
factory,0.47
worker,0.47
p.98,0.59
dhindsa,0.41
sicker,0.41
autonomy,0.31
prescriber,0.35
breehl,0.59
pathophysiology,0.59
population‐base,0.54
pp.317,0.58
chung,0.58
multidose,0.35
dispenser,0.35
dennerstein,0.43
maggi,0.43
maturita,0.43
pp.46,0.43
haye,0.43
doi:10.1016,0.44
j.urology.2016.12.066,0.44
synder,0.44
calculated,0.36
p=0.02,0.36
erratum,0.36
fertile,0.33
withdrawal,0.36
rastrelli,0.43
dataset,0.36
gilbert,0.57
scrotal,0.35
askmayoexpert,0.57
extraneous,0.3
wax,0.28
hashimoto,0.41
thyroiditis,0.41
finkle,0.36
truven,0.36
"n=55,593",0.36
albeit,0.36
prn,0.37
summarise,0.38
flagging,0.36
convincing,0.45
huh,0.45
disappointed,0.34
unwaveringly,0.34
inordinate,0.32
unconscious,0.37
abbreviate,0.36
striking,0.36
religion,0.34
stereotype,0.34
affirm,0.45
girlfriend,0.45
massively,0.34
endothelial,0.36
chafing,0.45
marathon,0.45
aroused,0.25
habituation,0.31
stabilizer,0.36
cardioprotectant,0.36
mate,0.3
insignificant.366,0.36
"n=1,773",0.36
"n=1,261",0.36
biorepository,0.41
ict,0.41
or=1.54,0.36
copulate,0.46
novo,0.48
renewal,0.46
tremor,0.45
warm,0.45
stratification,0.36
n=13,0.36
animal,0.46
or=0.89,0.36
.in,0.46
homogenous,0.36
or=2.06,0.36
favor,0.36
unpublished,0.36
edwards,0.38
hudson,0.38
garbage,0.45
hardly,0.45
"muraleedharan,233",0.36
shore,0.36
baillargeon373,0.36
"deaths/1,000",0.39
p<0.0001,0.38
muraleedharan,0.36
stratify,0.36
n=581,0.36
intricacy,0.38
supraspinal,0.38
n=343,0.36
n=238,0.37
hr=2.02,0.4
p<0.01,0.4
compounded,0.35
tds,0.35
somatosensory,0.38
unbelievably,0.38
baillargeon,0.36
concede,0.36
hr=0.84,0.36
medicare,0.36
beneficiary,0.36
descent,0.43
vocal,0.43
confounder,0.4
naïve,0.4
concurrent,0.4
creamy,0.35
refrigerate,0.35
nighter,0.45
understate,0.45
friday,0.45
bayer,0.41
marius,0.41
https://www.ncbi.nlm.nih.gov/pubmed/25384570,0.6
invest,0.6
hypoallergenic,0.35
moisture,0.35
italian,0.6
proposal,0.36
provisional,0.36
scentless,0.35
empt,0.36
absorbent,0.34
moisturize,0.34
disperse,0.35
emulsion,0.35
aorta,0.38
atherosclerotic,0.38
variant,0.37
https://www.ncbi.nlm.nih.gov/pubmed/25523084,0.59
https://www.ncbi.nlm.nih.gov/pubmed/31496147,0.59
pharmacotherapy,0.59
mens,0.59
bandage,0.35
gauze,0.35
finish,0.35
2838ur,0.37
https://www.ncbi.nlm.nih.gov/pubmed/23482592,0.59
2021;15(5):e234,0.38
http://dx.doi.org/10.5489/cuaj.7252,0.38
dislike,0.35
peel,0.35
assoc,0.38
https://www.ncbi.nlm.nih.gov/pubmed/15638872,0.55
oxf,0.55
revert,0.55
leaf,0.41
proctor,0.41
locations13,0.4
locationswe,0.4
sawgrass,0.4
https://www.ncbi.nlm.nih.gov/pubmed/18270261,0.59
nonbound,0.59
b.a,0.59
mohr,0.59
differentially,0.32
https://www.ncbi.nlm.nih.gov/pubmed/30862651,0.4
registry,0.4
urotronic,0.41
nobel,0.32
synthesize,0.21
bettoocchi,0.38
pp.3,0.38
yassin,0.38
carvalho,0.38
eau;2025,0.38
enhancement,0.3
reluctance,0.34
scheme,0.37
condition.3,0.39
brockport,0.4
canandaigua,0.4
clara,0.4
barton,0.4
finger,0.35
spoon,0.35
noyes,0.4
cmaj.5,0.37
perpetual,0.37
dansville,0.4
east,0.4
geneseo,0.4
comorbidity,0.43
mmas,0.38
bioactivity,0.41
blockade,0.41
pointe,0.4
chris,0.4
inch,0.43
disinfect,0.35
elbow,0.35
mid-30s,0.37
virulence,0.38
biochemistry,0.31
interprovincial,0.31
seneca,0.4
wellsville,0.4
hornell,0.4
aurora,0.41
finite,0.41
lattimore,0.4
anschutz,0.41
colorado,0.41
g-100,0.4
emeritus,0.4
magazine,0.45
schwarzenegger,0.45
highland,0.4
equate,0.37
pop,0.33
foreign,0.41
particle,0.41
ethan,0.41
filter,0.34
ambulatory,0.4
launch,0.3
accumulate,0.42
vlcfa,0.42
md2,0.41
mohit,0.41
md3,0.41
md1,0.41
md4,0.41
jay,0.41
yonah,0.41
elmwood,0.4
md5,0.41
flawed,0.34
methodologically,0.34
grantmyre,0.41
md6,0.41
premal,0.41
profoundly,0.27
trivialise,0.27
phlebotomist,0.35
md7,0.41
richard,0.41
bebb,0.41
md8,0.41
fitzpatrick,0.41
md9,0.41
jeffrey,0.41
campbell,0.41
serge,0.41
abraham,0.41
md10,0.41
astella,0.41
msacl.org,0.41
md11,0.41
md12,0.41
sciex,0.41
dictionary,0.43
oxford,0.43
dian,0.41
synergistically,0.43
180pmol,0.37
issm,0.38
evidence).10,0.36
framework,0.36
working,0.36
content.5,0.38
summative,0.38
silva,0.58
specialised,0.58
n.l,0.58
papanikolaou,0.58
metuchen,0.41
grossmann,0.58
antonio,0.58
aplastic,0.41
myelodysplastic,0.41
quinton,0.58
b.d,0.58
pathogenesis,0.58
clarus,0.41
modulate,0.45
neurochemical,0.45
visuospatial,0.45
lancet,0.58
underscore,0.34
undiagnose,0.34
tasked,0.36
update.11,0.36
pp.761,0.58
spaziani,0.58
carlomagno,0.58
tarantino,0.58
angelini,0.58
vincenzi,0.58
gianfrilli,0.58
collate,0.38
submission,0.38
theme,0.38
propose,0.38
finalize,0.38
karkowsky,0.41
labs,0.41
felix,0.41
bovine,0.28
equine,0.26
mouse,0.3
rabbit,0.3
anderson,0.58
p.1184530,0.58
r.a,0.58
llahana,0.58
barth,0.58
j.h,0.58
mackenzie,0.58
wilke,0.58
sooriakumaran,0.58
investor,0.41
mhb,0.41
tomlinson,0.58
gonadatrophin,0.4
substandard,0.27
barber,0.58
pp.200,0.58
t.m,0.58
kyrou,0.58
kaltsas,0.58
insist,0.43
tab,0.43
randeva,0.58
grossman,0.58
a.b,0.58
h.s,0.58
weickert,0.58
m.o,0.58
nebraska,0.42
physic,0.41
lincoln,0.42
crystallography,0.28
inspect,0.28
unbelievable,0.28
p.8217,0.58
pairing,0.28
crystal,0.28
beiza,0.3
kristen,0.3
achievable,0.31
energize,0.32
awful,0.45
ride,0.45
crude,0.37
years.13,0.38
unrealistic,0.31
bombard,0.28
diffract,0.28
cypre,0.41
kathi,0.41
indian,0.57
shivakumar,0.57
nagaraju,0.57
microscope,0.28
defied,0.28
pp.180,0.57
affinity,0.38
bordal,0.39
popularly,0.39
pp.1151,0.57
saalu,0.57
l.c,0.57
osinubi,0.57
a.a,0.57
fable,0.57
lagos,0.57
@anaveciana,0.26
twitter,0.26
competition,0.39
anavecianasuarez.com,0.26
palm,0.26
herald,0.26
production.17,0.42
testable,0.42
elegant,0.27
intricate,0.27
renowned,0.26
suarez,0.26
ana,0.26
veciana,0.26
bullough,0.45
byron,0.45
misinformation,0.24
vegetarian,0.23
/memory,0.45
cognitive/,0.45
physical/,0.45
eager,0.41
kill,0.4
gasoline,0.26
pour,0.25
bug,0.35
smartwatch,0.35
reminder,0.35
presbyterian,0.35
shadyside,0.35
e236,0.38
tosterone,0.38
axillary,0.38
breakthrough,0.34
groundbreake,0.34
carswell,0.45
hormonal/,0.41
intrinsic,0.41
karolina,0.41
majorek,0.41
katarzyna,0.41
handing,0.41
przemyslaw,0.41
porebski,0.41
sandya,0.41
beeram,0.41
kyungah,0.41
suh,0.41
ashley,0.41
mindy,0.45
insurer,0.4
renowne,0.4
maryland,0.39
headquarter,0.4
woolfork,0.41
davisfor,0.29
josh,0.29
reputation,0.29
ivan,0.41
changer,0.28
refute,0.28
discontinuing,0.39
months).5,0.39
diminution,0.42
"pulsatility.18,19",0.42
shabalin,0.41
bettie,0.45
lauren,0.45
coralville,0.37
i-80,0.37
forth,0.45
northwest,0.15
pacific,0.15
premier,0.15
destination,0.15
meno,0.45
dribble,0.43
emptying,0.43
trim,0.45
waistline,0.45
bam,0.45
football,0.45
wham,0.45
retrospectively,0.45
ocean,0.44
punching,0.44
hocking,0.44
bedtime,0.25
sedative,0.25
gm117325,0.41
r01,0.41
gm117080,0.41
gm118619,0.41
outnumber,0.45
vastly,0.44
iatrogenic,0.41
kallman,0.41
hhsn272201200026c,0.41
nos,0.41
hhsn272201700060c,0.41
gasp,0.32
snort,0.32
louder,0.32
saliva,0.31
spit,0.31
aud,0.41
females,0.41
shady,0.49
tactic,0.49
catheterization,0.31
unblock,0.31
playlist,0.45
song,0.45
duca,0.59
https://my.clevelandclinic.org/health/diagnostics/24215-testosterone-test,0.59
condorelli,0.59
calogero,0.59
vignera,0.59
hardness,0.36
inventory,0.36
"score.13,20",0.36
intimidate,0.43
movement,0.34
brisk,0.43
jcm8050732,0.59
fade,0.3
roller,0.31
coaster,0.31
standardized,0.37
"td.6,9,25",0.37
academic/,0.37
bath,0.38
breathwork,0.38
mindfulness,0.38
treadmill,0.44
abdoman,0.35
timer,0.35
basson,0.58
wierman,0.58
reappraisal,0.58
arlt,0.58
pubmed.ncbi.nlm.nih.gov/25279570/.,0.58
pmc6571549,0.59
https://www.ncbi.nlm.nih.gov/pmc/articles/pmc6571549/,0.59
ferrucci,0.59
maggio,0.59
bandinelli,0.59
lauretani,0.59
acclimate,0.39
transient,0.39
chemaitilly,0.58
garibaldi,0.58
pubmed.ncbi.nlm.nih.gov/29562364/.,0.58
https://www.cdc.gov/labstandards/hs_standardization.html,0.36
spectrometry.26,0.36
ble,0.59
valenti,0.59
ershler,0.59
homa,0.39
warren,0.39
calibration,0.36
testosterone.27,0.36
guralnik,0.59
longo,0.59
j.beem.2010.11.004,0.59
pmc3073592,0.59
auxiliary,0.41
system(s,0.41
illustrative,0.39
apr23.doi,0.59
jun,0.59
pmc4168024,0.59
nihmsid,0.59
nihms627664,0.59
prasanth,0.59
surampudi,0.59
"md,1",0.59
dependant,0.33
"td.5,6",0.36
donohoue,0.58
hypofunction,0.58
1.publishe,0.59
bolus,0.38
shoot,0.38
impactful,0.36
structural/,0.36
lambert,0.58
swj,0.58
milman,0.58
bartke,0.58
men5,0.36
relie,0.36
aleksic,0.58
maximizing,0.27
tmt,0.27
pract,0.59
"md,2",0.59
andre,0.59
wittert,0.59
araujo,0.59
pmc4650468,0.59
gladly,0.31
toll,0.32
asap,0.32
havoc,0.32
wreak,0.32
potentwavetm,0.42
shottm,0.42
arch,0.59
intern,0.59
archinte.166.13.1380,0.59
crisp,0.76
instant,0.76
pmc2645631,0.59
682x.143317,0.59
potentshottm,0.42
wavetm,0.42
pshot,0.42
reuptake,0.38
ssris,0.38
ejaculatory,0.38
lacking,0.38
https://www.ncbi.nlm.nih.gov/pmc/articles/pmc2645631/,0.59
androl,0.59
spearhead,0.45
wood,0.45
compliment,0.4
e238,0.41
"conditions.5,7",0.4
coward,0.59
collateral,0.41
scarring,0.41
addiction,0.41
buff,0.34
steep,0.34
carson,0.59
feb;9(2):249,0.57
laksham,0.57
ronde,0.57
culley,0.59
versa,0.26
vice,0.26
https://medlineplus.gov/ency/patientinstructions/000722.htm,0.38
https://www.upmc.com/health-library/article?hwid=abo6506&locale=en-us,0.38
jame,0.59
mcbride,0.59
blemish,0.39
dull,0.39
wrinkle,0.39
months.77,0.44
upwards,0.44
burlington,0.54
https://www.endocrine.org/patient-engagement/endocrine-library/hormones-and-endocrine-function/reproductive-hormones,0.54
corporation,0.54
america(r,0.54
holding,0.54
pmc4074000,0.59
negativity,0.26
positivity,0.26
ajpregu.00360.2012,0.59
r958,0.59
christina,0.59
https://www.labcorp.com/tests/004226/testosterone-total,0.54
r951,0.59
comp,0.59
nurture,0.26
icd9,0.28
justify,0.28
cpt,0.28
necessity,0.28
regul,0.59
integr,0.59
c1995,0.52
tgrp,0.52
interpretive,0.52
juncos,0.59
physiol,0.59
mds,0.47
pas,0.45
reckelhoff,0.59
and/,0.36
rationalize,0.36
"treatment.7,27,31",0.36
calculation,0.36
luis,0.59
"md‡†,3",0.59
jane,0.59
ruisheng,0.59
jeuveau,0.39
microneedle,0.39
carbon,0.42
dioxide,0.42
liu,0.59
maranon,0.59
therapie,0.43
treatments.regenerative,0.42
rodrigo,0.59
https://www.mayomedicallaboratories.com/test-catalog/clinical+and+interpretive/8508,0.52
chandrashekar,0.59
addressing,0.36
coaching,0.36
ruiz,0.59
kiran,0.59
leadership,0.33
transparent,0.32
engine,0.45
tank,0.45
gas,0.45
junk,0.76
refine,0.76
kinetic,0.36
therapy.75,0.36
actuator,0.35
tans,0.35
quarter,0.45
screened,0.45
predisposed,0.41
sensitise,0.41
lopez,0.59
prolotherapie,0.38
prolozone,0.39
arnaldo,0.59
may;43(2):185,0.59
e239,0.31
withnosymptom,0.36
andrea,0.59
soljancic,0.59
accordance,0.35
recommendation).75,0.35
12nmol,0.28
stringent,0.38
https://www.auanet.org/guidelines-and-quality/guidelines/testosterone-deficiency-guideline,0.55
linthicum,0.54
testing.com,0.55
onecare,0.55
j.ucl.2016.01.004,0.59
antibiotic,0.39
azelaic,0.39
reperfusion,0.59
ischemia,0.59
pmc3081396,0.59
skincare,0.35
soap,0.35
ether,0.35
benefit.6,0.42
concurrently,0.41
lauryl,0.35
sle,0.35
https://www.testing.com/tests/testosterone/,0.5
womenshealth.gov,0.5
j.yhbeh.2011.01.009,0.59
crown,0.43
widen,0.43
shaped,0.43
forehead,0.43
nicotine,0.35
trickle,0.35
daunt,0.43
firsthand,0.43
rodriguez,0.59
wisdom,0.59
letrozole,0.41
testolactone,0.41
crank,0.37
mentor,0.35
karlye,0.59
prince,0.59
apprehensive,0.35
audible,0.35
beast,0.45
gascon,0.45
perpetuate,0.58
pornography,0.58
rethink,0.58
viewing,0.58
mushroom,0.58
engelman,0.59
tyler,0.59
ontreatment,0.34
testosteroneto,0.34
"potential.37,38",0.4
coneeny,0.59
shannon,0.59
manliness,0.39
technically,0.39
kettle,0.34
painless,0.35
conceiving,0.31
monitored,0.37
subfertility,0.38
daviau,0.59
meagan,0.59
dehydrate,0.45
incessantly,0.45
brush,0.3
blanket,0.53
overtreat,0.53
vomit,0.45
lester,0.29
sue,0.29
julie,0.29
spritzer,0.59
drip,0.45
combined,0.25
proudly,0.25
professionalism,0.25
superior,0.25
concerningly,0.38
levels.41,0.38
indeterminant,0.38
pmc4154787,0.59
neonatal,0.4
neuropsychiatric,0.4
gestational,0.4
integrated,0.28
med.0000000000000086,0.59
obe,0.59
diabetes.wang,0.58
jackson,0.58
deadline,0.32
newlywed,0.4
eld,0.38
stanford,0.38
potency,0.32
purity,0.31
curr,0.59
carolina,0.4
clock,0.4
eje-11,0.59
pmc3188848,0.59
abdulmage,0.59
nov;165(5):675,0.59
gooren,0.59
saad,0.59
zafalon,0.59
facs,0.37
marshall,0.37
pmc4744737,0.59
startedsource,0.59
oby.21092,0.59
downregulation,0.4
unsustainable,0.4
historical,0.36
teaching,0.36
biology,0.36
spring,0.59
fella,0.45
frisky,0.45
hypersensitivity,0.36
include:5,0.36
yang,0.39
yin,0.39
prudent,0.35
reset,0.41
rewarding,0.41
bicker,0.44
kiss,0.44
wink,0.44
alert,0.45
spoiler,0.45
mojo,0.45
christopher,0.16
runz,0.16
ong,0.59
ken,0.59
therapy.5,0.35
nehra,0.58
g.diabetes,0.58
yoav,0.59
ben‐shlomo,0.59
kuh,0.59
bodybuilde,0.37
nonmedical,0.36
localize,0.37
mortality.56,0.36
cumbria,0.41
violence,0.41
charity,0.41
workington,0.41
muniz,0.59
diana,0.59
fecal,0.49
guaiac,0.49
occult,0.49
immunochemical,0.49
necessitate,0.4
skew,0.39
graciela,0.59
dopaminergic,0.38
serotonergic,0.37
rebecca,0.59
hardy,0.59
gfobt,0.49
adams,0.59
stool,0.49
sdna,0.49
targeted,0.49
judith,0.59
placebo.29,0.36
rtcs,0.36
lashen,0.59
imagine,0.35
seesaw,0.35
excitatory,0.35
cloud,0.32
pharmacology,0.3
volume.61,0.36
keevil,0.59
hany,0.59
colonoscopy,0.49
colonography,0.49
void,0.38
genius,0.42
cash,0.45
obscene,0.45
brian,0.59
sigmoidoscopy,0.49
fsig,0.49
dc10,0.58
facility,0.45
bann,0.59
bust,0.45
edition,0.45
detrusor,0.38
"function.59,60,62,63",0.38
pleasant,0.4
unintended,0.4
a1c,0.34
deceased,0.34
amygdala,0.36
aversion,0.36
mortality.67,0.35
bradley,0.33
whack,0.27
fuzz,0.37
tuft,0.32
frontal,0.42
striatum,0.42
thalamus,0.42
hippocampus,0.42
cerebellum,0.42
critter,0.45
microbiome,0.45
charming,0.32
e241,0.36
sig-,0.36
"death.70,71",0.36
methodological,0.36
nificant,0.36
gastroenterologist,0.49
digest,0.39
evolutionarily,0.39
jul;34(7):1669,0.58
dirty,0.45
steroidal,0.45
"events.72,73",0.36
garner,0.36
sardine,0.76
loosely,0.39
pleasanton,0.18
propensity,0.41
weighting,0.42
latanoprost,0.43
prostaglandin,0.43
ste,0.18
behav,0.59
horm,0.59
rationale,0.46
ray,0.28
misunderstand,0.4
pfs,0.45
ncic,0.41
position,0.35
eisenberg,0.38
landing,0.4
reimbursement,0.28
iodine,0.41
jar,0.35
plunger,0.35
agonist,0.41
gram,0.76
https://www.endocrine.org/patient-engagement/endocrine-library/hypogonadism,0.56
jan,0.54
cancerous,0.34
polyp,0.3
dead,0.45
rechecke,0.45
sachet,0.35
dehydration,0.33
versabase,0.35
gip,0.36
glp-1,0.41
proceed,0.41
residency,0.31
extrusion,0.35
regulated,0.41
eyebrow,0.33
dear,0.45
midwest,0.45
duplication,0.41
inc,0.41
helped,0.4
shgb,0.32
pomegranate,0.76
snoring,0.32
activation,0.41
wildly,0.41
bipolar,0.46
uptake,0.35
miami,0.26
nitric,0.25
oxide,0.25
second,0.35
journalist,0.26
associated,0.29
livery,0.34
calgary,0.41
dalhousie,0.41
halifax,0.41
winnipeg,0.41
pfizer,0.41
comorbid,0.36
reassessment,0.41
manitoba,0.41
curvature,0.35
disclosure,0.36
remuneration,0.36
clever,0.22
tinker,0.37
prediman,0.35
shah,0.35
khurram,0.28
methodist,0.28
exceptionally,0.28
doi:10.1210,0.58
project,0.33
reuse,0.32
sleeping,0.41
fragile,0.26
pertinent,0.35
inadvertent,0.35
transmission,0.35
chemically,0.41
placenta,0.41
inactivity,0.35
subtler,0.37
strategy.420,0.35
substitution,0.59
manuscript,0.59
complementary,0.28
rheumatic,0.31
axiron,0.35
custom,0.35
grapple,0.23
indicative,0.25
frontier,0.58
frailty,0.39
rat,0.59
ice,0.38
precede,0.3
salonia,0.37
aleksandr,0.28
belakovskiy,0.27
resident,0.31
freely,0.36
stat,0.18
split,0.31
manageable,0.39
gelatinous,0.35
microporous,0.35
encounter,0.45
mar,0.59
december,0.57
mba,0.4
uab,0.39
messaging,0.35
productivity,0.36
principal,0.41
membrane,0.35
ehrmann,0.48
legro,0.48
wei,0.48
constricted,0.39
weakened,0.45
https://www.ncbi.nlm.nih.gov/pubmed/28434676,0.58
pencina,0.58
k.m,0.58
adjudicate,0.37
definite,0.37
abbreviation,0.36
disclaimer,0.38
cosmetic,0.3
mixture,0.35
coarse,0.41
sideburn,0.41
lincoff,0.58
clog,0.35
isidori,0.59
moisturizing,0.35
experimental,0.25
investigational,0.34
versatile,0.75
https://www.clinicalkey.com,0.58
bar,0.45
stretch,0.35
lip,0.35
raymond,0.15
turley,0.15
jayasena,0.58
c.n,0.58
emboli,0.37
numerical,0.35
moustache,0.41
discreetly,0.34
systemic,0.33
variably,0.35
dairy,0.76
equipment,0.39
revolutionary,0.25
confidential,0.29
ship,0.39
bleeding,0.35
hidden,0.46
eaif,0.45
terrible,0.45
hydro,0.35
solubilize,0.35
peripheral,0.27
utilisation,0.44
habitus,0.44
pore,0.29
france,0.58
basaria,0.59
announce,0.38
box,0.38
actuality,0.39
polygenic,0.39
pharmacother,0.59
eugonadal,0.38
testosterone.5,0.36
overnight,0.45
recalibrate,0.28
buckle,0.35
agency,0.36
drugmaker,0.38
sleeve,0.33
teenager,0.41
independently,0.36
liability,0.35
11division,0.41
mcgill,0.41
ontario,0.41
london,0.41
montreal,0.41
concentrated,0.37
predominately,0.44
dressing,0.29
collaboratively,0.42
exciting,0.38
10division,0.41
redness,0.35
dilate,0.32
12department,0.41
pile,0.45
weekend,0.45
matrix,0.35
landmark,0.31
osteopenia,0.42
aga,0.43
androgenetic,0.43
equally,0.37
uncertainty,0.36
breastfeed,0.41
adjunct,0.41
recombinant,0.41
deter,0.28
lived,0.3
minhas,0.58
soften,0.34
bot,0.28
chapter,0.25
blah,0.45
bunch,0.45
misdiagnosis,0.4
unnecessary,0.39
f.c,0.58
endorsement,0.41
jam,0.43
musculature,0.36
diarrhea,0.41
grave,0.41
coolidge,0.59
melish,0.41
coffee,0.25
celebrity,0.23
noncancerous,0.42
repeatedly,0.42
indulge,0.45
lateral,0.35
wall,0.44
responsive,0.39
appetite,0.45
california,0.41
northwestern,0.41
emily,0.59
"life.5,12",0.35
widespread,0.31
harbor,0.41
ryan,0.41
walloping,0.45
interchangeably,0.27
signify,0.29
heating,0.41
thermostat,0.41
hypothalmus,0.41
boiler,0.41
comply,0.45
ungrade,0.5
adherence,0.37
"recommendation).5,6",0.37
saint,0.41
epub,0.59
dementia,0.46
immensely,0.41
evoke,0.39
loud,0.32
speech,0.43
survivor,0.41
subsequently,0.35
normalisation,0.27
resume,0.34
translational,0.41
geriatric,0.41
pittsburgh,0.41
deduplication,0.36
title,0.47
50s+,0.42
distribute,0.37
alarming,0.32
smoker,0.38
hage,0.41
colorful,0.76
eggs,0.76
seafood,0.76
elderly,0.29
700s,0.45
roof,0.45
drug.430,0.35
expose,0.35
glass,0.76
childbirth,0.22
otolaryngology,0.19
discount,0.45
anxious,0.45
pastry,0.76
sweeten,0.76
outlandish,0.38
stake,0.35
enlarging,0.42
descend,0.41
risky,0.29
declaration,0.37
hazard,0.32
focused,0.45
vibrator,0.45
heartbeat,0.45
fried,0.76
meat,0.76
handle,0.46
precision,0.35
integrity,0.44
eugster,0.58
haddad,0.58
jul,0.59
neural,0.38
sympathetic,0.39
virility,0.58
multicenter,0.41
sigh,0.34
gainswave,0.41
yep,0.45
wladek,0.41
clevelandclinic.org/loveyourheartpodcast,0.46
heart@ccf.org,0.46
exclusive,0.45
unsettling,0.45
balding,0.39
recede,0.39
hairline,0.39
degroot,0.58
derive,0.36
priori,0.36
certification,0.24
graduate,0.38
grip,0.37
hypercholesterolemia,0.31
pleased,0.24
observed,0.4
hygiene,0.47
predictor,0.38
cardiometabolic,0.37
tracker,0.45
d.c.—has,0.24
regional,0.3
marked,0.24
aka,0.43
paralimbic,0.39
interestingly,0.29
deactivation,0.35
enforce,0.37
reflective,0.37
inferiority,0.4
silicone,0.35
offering,0.45
privately,0.45
mediterranean,0.76
plant,0.76
salmon,0.76
manly,0.44
commencing,0.43
formal,0.42
pen,0.35
scientifically,0.45
scanning,0.4
leverage,0.37
representative,0.37
furthermore,0.4
societal,0.34
melatonin,0.27
nightly,0.26
campus,0.38
usa,0.41
msc,0.56
material,0.37
pooled,0.36
hand-,0.35
hollow,0.35
inflatable,0.35
prosthetic,0.35
award,0.41
mountain,0.37
openly,0.45
visibly,0.45
bend,0.35
elder,0.3
hematology,0.3
hospice,0.3
prominent,0.34
truth,0.29
discontinuation,0.36
daniel,0.41
deny,0.32
lee,0.41
depo,0.35
xyosted,0.35
straighten,0.35
upward,0.35
intra,0.39
operator,0.39
foundational,0.39
passive,0.34
ambiguous,0.41
underdeveloped,0.41
carbohydrate,0.76
smoother,0.45
mbchb,0.4
transformative,0.22
trusted,0.21
microprocessor,0.41
patel,0.41
holmes,0.41
appraisal,0.58
rigorous,0.59
rigorously,0.36
nestle,0.41
advisory,0.41
contaminate,0.45
strike,0.45
endure,0.38
shorter,0.31
monograph,0.35
delatestryl,0.35
andriol,0.35
cavity,0.35
puttylike,0.35
hypothyroid,0.33
concierge,0.28
chip,0.76
anesthetic,0.38
sensation,0.31
biochemically,0.41
confuse,0.4
stigma,0.42
justin,0.35
saya,0.33
nicole,0.41
predominant,0.25
continually,0.26
binge,0.75
grapeseed,0.35
behavioral,0.27
instruct,0.3
apology,0.45
incorrectly,0.45
krakowsky,0.41
aldosterone,0.42
addison,0.41
identical,0.39
hypoparathyroidism,0.41
synthesise,0.41
gynecological,0.3
botox,0.39
jeauveau,0.39
microneedling,0.39
depotestosterone,0.35
onboarde,0.36
secure,0.25
horny,0.46
tinkering,0.44
crazy,0.45
disappear,0.42
parathyroid,0.41
downstream,0.36
gaba,0.26
blunting,0.44
pause,0.32
cac,0.36
guesswork,0.36
preparations.441,0.32
fundamentally,0.39
comparative,0.38
ecdysterone,0.58
nitrate,0.37
kryptonite,0.45
superman,0.44
medicated,0.35
muse,0.35
sermorelin,0.2
gather,0.35
incentive,0.4
tough,0.45
downplay,0.5
english,0.41
coloplast,0.41
differentiation,0.4
dismiss,0.37
dutasteride,0.41
mesotherapy,0.36
observation,0.46
elasticity,0.43
summarize,0.35
"therapy.28,29",0.45
biliary,0.3
pancreatic,0.3
thrombosis,0.36
cautiously,0.37
fire,0.35
flammable,0.35
hobby,0.45
impart,0.37
inherent,0.37
confusion,0.38
generalize,0.36
vote,0.3
virginia,0.33
snowie,0.37
unsure,0.36
healing,0.32
resilient,0.39
better,0.45
copay,0.45
creation,0.38
solicit,0.38
metropolitan,0.4
deodorant,0.35
dispense,0.35
opening,0.35
twist,0.35
geography,0.36
ball,0.36
fad,0.43
lifetime,0.4
philosophy,0.45
retrospect,0.45
podcaster,0.44
dial,0.35
topi,0.35
interdisciplinary,0.41
overtax,0.4
longstanding,0.26
theory,0.56
credential,0.36
robotic,0.26
vinci,0.24
pharmacological,0.59
imitate,0.42
voter,0.27
motion,0.34
motivate,0.45
oregon,0.29
portland,0.36
4636(4men,0.39
leafy,0.76
dynamic,0.38
marketplace,0.35
unfavorable,0.27
surgeon,0.37
criteria.411,0.38
medlineplus,0.38
jealous,0.45
whatnot,0.45
indirectly,0.42
utilization,0.42
merely,0.23
neighbor,0.45
obligate,0.45
biologic,0.55
equip,0.32
epo,0.42
erythropoietin,0.42
sculpt,0.43
simultaneously,0.42
pivotal,0.46
reserve,0.45
lifting,0.33
sizeable,0.3
predictability,0.3
motional,0.45
weird,0.45
contraindicate,0.41
inhibition,0.41
lifeblood,0.42
miserable,0.46
reliance,0.45
multitude,0.32
evolution,0.2
clue,0.21
ramification,0.32
louisiana,0.3
rip,0.45
alexandria,0.26
brown,0.76
exhaustion,0.41
asymptomatic,0.36
2023a,0.42
nov,0.39
gumline,0.35
deleterious,0.35
resultant,0.37
intermittent,0.42
panic,0.42
street,0.4
premise,0.45
transformation,0.38
periodically,0.37
clevelandclinic.org/cardiacconsultpodcast,0.46
chicken,0.76
coverage,0.35
tolerability,0.38
trace,0.35
unwashe,0.35
prize,0.34
exertion,0.43
faced,0.42
brilliant,0.45
panacea,0.45
lengthy,0.35
restrictive,0.35
smsna,0.41
press,0.4
syrinx,0.35
defer,0.24
gps,0.27
enjoyable,0.44
vibrant,0.44
thick,0.44
extract,0.35
methodologist,0.36
rubber,0.35
preventable,0.43
sight,0.45
unintentional,0.45
proprietary,0.35
straight,0.45
creatinine,0.37
gamma,0.37
bilirubin,0.37
glutamyltransferase,0.37
nocturia,0.43
urinate,0.43
climacteric,0.25
pp.15,0.25
thoughtful,0.32
elastic,0.35
slip,0.29
alkaline,0.37
description,0.45
glomerular,0.37
river,0.39
filtration,0.37
amp,0.35
brito,0.58
healthdirect,0.44
victoria,0.39
fixate,0.36
mucosa,0.35
summer,0.45
famous,0.74
angina,0.42
blocker,0.42
believer,0.38
ethos,0.41
appreciative,0.45
prader,0.41
willi,0.41
pine,0.2
insertion.446,0.34
flexible,0.49
disclose,0.45
aspartate,0.37
urgency,0.43
firmness,0.34
urethral,0.35
balk,0.45
institutional,0.35
therapeutic.446,0.36
northeast,0.45
alanine,0.37
aminotransferase,0.37
phosphatase,0.37
bibliography/,0.36
bedroom,0.72
feed,0.41
deaf,0.44
theoretically,0.39
ecchymosis,0.35
francisco,0.41
virtually,0.4
bmis,0.32
relation,0.32
interaction,0.43
español,0.24
bank,0.39
resilience,0.38
pubme,0.57
campaign,0.41
array,0.44
enhanced,0.45
geme,0.58
moderation,0.74
sexuality,0.59
annually,0.49
metal,0.25
interrelationship,0.34
unrelated,0.23
calendar,0.27
medial,0.4
lady,0.45
copper,0.76
throttle,0.76
chloride,0.37
genitourinary,0.35
throat,0.36
manmade,0.42
frederick,0.58
cow,0.45
concertation,0.53
motility,0.32
remind,0.45
vendor,0.31
converting,0.43
nipple,0.43
kliegman,0.58
hate,0.45
intuitively,0.45
consequently,0.41
subfertile,0.4
equilibrium,0.36
oncology,0.22
transplantation,0.22
pruritus,0.35
strictly,0.41
cluster,0.43
phrase,0.43
a&e,0.35
hub,0.45
blum,0.58
customer,0.4
overwhelmingly,0.39
random,0.41
satisfied,0.41
zitti,0.45
winter,0.26
dense,0.76
proportional,0.76
city,0.34
dl.436,0.39
specify,0.38
anaphylactic,0.35
anaphylaxis,0.31
iodothyronine,0.37
sarcopenia,0.45
deposit,0.29
lightheadedness,0.3
apigenin,0.76
quercetin,0.48
flavonoid,0.48
hopeful,0.45
tonsil,0.39
offset,0.45
toxic,0.42
horizon,0.44
surprise,0.45
suppository,0.35
alprostadil,0.35
worldwide,0.74
metros,0.36
ashwagandha,0.76
suck,0.44
mill,0.45
subpar,0.45
tri,0.37
fish,0.76
bacterial,0.41
viral,0.41
asmh,0.47
tongue,0.35
rage,0.42
beginning,0.25
cuff,0.29
photo,0.44
chat,0.36
pricing,0.38
pan,0.76
sale,0.49
guilt,0.45
hopelessness,0.45
afterthought,0.44
busy,0.44
noninvasive,0.36
clarify,0.37
segue,0.45
conventional,0.46
underestimate,0.46
swap,0.76
settle,0.44
engineer,0.42
microsurgery,0.34
newsroom,0.45
transparency,0.44
map,0.45
capable,0.45
jack,0.45
honestly,0.45
objectively,0.45
myotonic,0.41
dystrophy,0.41
flag,0.41
belief,0.27
mistaken,0.37
abstract,0.36
rekindling,0.45
canary,0.44
coal,0.44
collection,0.34
sick,0.35
falsely,0.44
unavoidable,0.37
nourish,0.38
cultivate,0.39
maximal,0.35
men.438,0.33
proxy,0.41
coughing,0.32
assistive,0.35
sharpen,0.45
specificity,0.36
bundle,0.33
starter,0.32
aversa,0.59
ban,0.33
remote,0.35
remotely,0.35
cyp3a4,0.42
confidently,0.24
hesitation,0.25
personalised,0.34
premium,0.38
determinant,0.46
"described.446,447",0.34
rita,0.15
24emory,0.44
emory,0.43
kaminetsky,0.31
months.447,0.33
sather,0.15
finder,0.4
karyotype,0.41
calculator,0.37
overestimate,0.37
flip,0.3
fortify,0.29
extensively,0.23
peer,0.29
partly,0.37
dan,0.32
minutes.438,0.32
displacement,0.35
editor,0.4
dissolve,0.35
adhere,0.35
al.446,0.31
flatten,0.45
cad,0.3
death.64,0.36
dyslipidemia,0.29
adjusted).446,0.34
altitude,0.28
effects:-,0.42
polycythaemia,0.36
registered,0.45
exert,0.39
gerontology,0.41
surrounding,0.42
foretell,0.44
nicolas,0.34
adenomas,0.41
craniopharyngioma,0.41
girl,0.42
menstruate,0.42
hoop,0.29
jump,0.31
joseph,0.41
interrelated,0.45
lifesave,0.45
https://www.uptodate.com/contents/search,0.45
ache,0.44
stiffness,0.44
constipation,0.44
perseverance,0.35
1688%—a,0.44
fold,0.43
hypothalamicpituitary,0.41
levels.6,0.37
dinner,0.76
discharge,0.42
milky,0.41
metered,0.35
impairment,0.33
leproult,0.4
rachel,0.4
generous,0.31
wane,0.27
angiography,0.36
tag,0.24
michelle,0.25
rapport,0.45
asynchronous,0.45
diwan,0.27
linger,0.26
intelligence,0.28
"changes.5,16",0.45
commences.2,0.37
"deficient,2",0.37
kovler,0.36
laugh,0.44
christian,0.58
tea,0.76
deserve,0.33
crack,0.45
burns,0.35
terminally,0.34
beach,0.26
generative,0.28
anomaly,0.31
craniofacial,0.3
mateusz,0.41
angry,0.26
outburst,0.31
constitutional,0.41
skeletal,0.43
gary,0.37
ashkenazi,0.32
jews,0.32
immunology,0.35
bulge,0.34
adipose,0.42
"tissue.44,45",0.42
transmittable,0.42
uti,0.42
misunderstood,0.33
seldom,0.35
budget,0.35
dryness,0.41
vaginal,0.41
outlook,0.37
prognosis,0.41
levothyroxine,0.4
underactive,0.4
extremity,0.41
temporarily,0.41
stone,0.34
blair,0.37
oyetewa,0.37
unexpected,0.28
systematically,0.36
radiology,0.22
compromise,0.28
deprive,0.28
sponge,0.34
sublingual,0.42
bloat,0.37
script,0.32
kumar,0.41
nursing,0.41
holahan,0.41
tolerable,0.66
embolism,0.43
lodge,0.43
uchicago,0.25
legume,0.76
distressing,0.45
indoor,0.45
fatiguability,0.39
randomization,0.37
classify,0.38
"lh).5,6,12",0.38
efficient,0.35
tremendously,0.38
pelvis,0.22
cited,0.41
subclinical,0.41
fellow,0.4
rhythmical,0.26
gomez,0.45
satisfy,0.3
century,0.45
fountain,0.45
fenugreek,0.71
donor,0.35
jury,0.36
elixir,0.45
scopus,0.37
vocabulary,0.37
teenage,0.42
dearborn,0.32
detroit,0.32
gastroenterology,0.29
"steroids.42,43",0.42
paternal,0.34
organic,0.39
prohibit,0.28
dermatologist,0.37
prophylactic,0.31
uncompromised,0.23
abundant,0.67
cocoa,0.76
czub,0.41
venkataramany,0.41
dish,0.76
swallow,0.35
trail,0.35
learning,0.53
lure,0.45
triiodothyronine,0.41
inexpensive,0.45
perth,0.4
infographic,0.44
november,0.44
hypo,0.41
oversee,0.38
legally,0.37
breakup,0.36
rough,0.43
study.29,0.36
bail,0.45
hassle,0.45
freedom,0.38
prohibitively,0.36
nationwide,0.26
vitaility,0.22
attitude,0.38
20s-30s,0.27
hormones,0.29
physiologically,0.34
reintroduction,0.28
ethnic,0.36
geographic,0.36
speculate,0.4
susceptible,0.43
prostatectomy,0.31
radical,0.29
detach,0.35
swimming,0.35
akhil,0.29
employ,0.35
eater,0.41
intuitive,0.37
vanity,0.45
nocturnal,0.34
endorphin,0.39
genitalia,0.57
totally,0.45
antifungal,0.42
thyrotropin,0.41
inbody,0.35
ophthalmology,0.41
employee,0.44
barat,0.41
thrilled,0.32
emasculating,0.45
contributor,0.26
benchmark,0.35
scanner,0.35
deteriorate,0.44
tour,0.44
breakfast,0.76
holy,0.45
undergraduate,0.41
unveil,0.41
data,0.4
ebb,0.4
match,0.35
nosebleed,0.35
bennett,0.36
booming,0.45
rush,0.39
vigen,0.36
inexperienced,0.34
infrequently,0.34
zit,0.34
sears,0.45
singpiel,0.45
floor,0.4
tongkat,0.53
september,0.45
hepatitis,0.46
pome,0.32
doc,0.45
cheek,0.35
spouse,0.45
hopefully,0.45
olive,0.76
committee,0.37
pgc,0.31
organization,0.58
pack,0.35
nurse,0.45
cochrane,0.37
kilogram,0.45
siri,0.45
vasectomy,0.29
indexed,0.37
ovid,0.37
facebook,0.45
icon,0.45
republican,0.3
acid,0.39
relaxed,0.3
ucla,0.41
acerus,0.41
crash,0.45
artificial,0.28
intranasal,0.35
robertson,0.58
adolescent,0.32
narrow,0.28
progression,0.4
county,0.41
pcv,0.43
embryo,0.3
garcia,0.25
south,0.4
bound,0.4
magnesium,0.76
kian,0.32
usc,0.33
biotin,0.41
sulphate,0.4
chocolate,0.76
paladin,0.41
stimulus,0.59
salad,0.76
bruising,0.35
lightheaded,0.35
surprised,0.45
nation,0.33
ncbi.nlm.nih.gov,0.59
avocado,0.76
disruption,0.41
flavor,0.76
sauté,0.76
officially,0.37
dessert,0.76
jones,0.44
shop,0.45
town,0.45
neutral,0.36
pmc,0.59
digestion,0.43
temperature,0.42
infiltrative,0.41
keck,0.35
mary,0.41
stevens,0.36
force,0.27
mulhall,0.56
trost,0.57
reviewer,0.15
fear,0.45
problematic,0.32
outpatient,0.33
monocyte,0.33
neutrophil,0.33
lymphocyte,0.33
allicin,0.28
semaglutide,0.31
tirzepatide,0.32
student,0.41
property,0.26
basophil,0.33
striant,0.35
eosinophil,0.33
explanation,0.31
healthful,0.32
complain,0.44
notion,0.26
covid,0.46
vaccine,0.45
surveillance,0.37
perimenopause,0.32
neck,0.41
mobility,0.38
unaddresse,0.43
york,0.36
selenium,0.76
display,0.26
trt.â,0.38
assistance,0.43
inquiry,0.37
rice,0.76
bread,0.76
peter,0.58
joke,0.44
cloudy,0.4
law,0.45
march,0.58
clotting,0.43
thicken,0.43
confirmation,0.36
counterintuitive,0.37
traish,0.58
statin,0.31
aspirin,0.32
ankle,0.43
fortunately,0.28
zitzmann,0.58
profound,0.39
continuously,0.35
messy,0.35
15nmol,0.36
legitimate,0.34
sustanon,0.35
auchus,0.58
ronald,0.58
metabolite,0.39
equivocal,0.38
kopp,0.58
rosen,0.58
dialysis,0.36
lay,0.45
promptly,0.36
lunch,0.76
metab,0.59
confound,0.39
goldfine,0.58
art,0.4
august,0.59
october,0.59
opin,0.59
damaging,0.35
eur,0.59
nut,0.76
output,0.4
unsatisfactory,0.41
hydroxylase,0.41
partial,0.41
availability,0.37
outpace,0.25
window,0.34
agreement,0.39
edge,0.39
suitability,0.34
bidirectional,0.42
mechanistically,0.42
aromatization,0.42
worthwhile,0.38
consent,0.31
bean,0.76
automatically,0.33
unlock,0.38
intact,0.31
permanently,0.28
lipoderm,0.35
fig,0.41
pulsatile,0.41
familiar,0.46
urination,0.43
contrary,0.27
isolate,0.41
merkle,0.41
disciplinary,0.39
urmc,0.4
span,0.59
dental,0.21
supraphysiological,0.42
wire,0.34
impaired,0.41
infer,0.41
ed).52,0.35
phosphodiesterase,0.31
voiding,0.32
resolution,0.44
altogether,0.19
complimentary,0.38
frame,0.24
preferred,0.35
wonderful,0.32
manifestation,0.35
dna,0.49
excessively,0.33
bespoke,0.33
control=,0.32
textbook,0.58
confusing,0.28
mellitus,0.42
threaten,0.31
nebido,0.35
boil,0.28
blockage,0.33
viscosity,0.35
thromboembolic,0.32
upset,0.43
glycemic,0.34
azoospermia,0.41
venesection,0.37
interpreter,0.45
valet,0.45
membership,0.27
global,0.41
quizby,0.44
copyright,0.41
vial,0.35
cushe,0.41
hyperprolactinemia,0.41
overload,0.41
priority,0.39
cortex,0.42
sep,0.58
testament,0.4
commission,0.38
founder,0.39
hypopituitarism,0.41
sport,0.3
breadcrumb,0.45
mychart,0.44
variance,0.38
expand,0.44
asian,0.59
pace,0.45
polypharmacy,0.33
awkward,0.45
classmate,0.47
ferritin,0.37
assure,0.3
lover,0.41
notable,0.31
orchitis,0.41
customise,0.33
utilise,0.3
diverse,0.38
trade,0.35
fibrous,0.32
60s,0.35
idiopathic,0.34
med,0.58
blue,0.45
sad,0.45
halting,0.28
anorchia,0.41
navigation,0.45
retina,0.4
avenue,0.4
gutter,0.44
inspire,0.28
traction,0.36
carb,0.76
devastating,0.45
cocaine,0.41
impairs,0.41
reporting,0.36
mindset,0.38
bupki,0.45
brannigan,0.58
amend,0.44
cry,0.45
movie,0.45
upside,0.43
parasympathetic,0.38
memorial,0.4
quiet,0.45
silent,0.32
inter,0.39
kyzatrex,0.35
conaway,0.43
springfield,0.43
brenda,0.43
bodybuilder,0.43
breathe,0.35
intermittently,0.35
oxidative,0.47
salivary,0.57
alternatively,0.32
omega-3,0.29
sized,0.3
dugdale,0.43
likewise,0.44
flight,0.39
homeostasis,0.36
epic,0.45
favorite,0.45
https://my.clevelandclinic.org/health/articles/24101-testosterone,0.55
inhibitory,0.42
apparently,0.45
bullet,0.45
favorable,0.36
suspicion,0.41
inaccurate,0.38
medicate,0.29
portion,0.76
teach,0.45
cellular,0.59
cascade,0.41
expected,0.41
situate,0.41
indirect,0.29
interconnect,0.45
sodium,0.35
unmask,0.39
apnoea,0.37
wary,0.76
erroremail,0.25
errorinclude,0.25
preview,0.25
existing,0.36
irrespective,0.34
undeconate,0.35
frog,0.43
athletic,0.74
san,0.41
holiday,0.39
jordan,0.45
nutritionist,0.44
tuberculosis,0.45
clan,0.45
imply,0.45
varied,0.36
debunk,0.38
erythema,0.35
elect,0.34
committed,0.22
innovate,0.3
dampen,0.36
loose,0.43
faculty,0.35
meeting,0.24
outer,0.35
emotionally,0.29
alex,0.44
incomplete,0.43
labcorp,0.54
honoraria,0.41
sickle,0.41
thalassemia,0.41
symptomatically,0.36
chart,0.46
native,0.45
groin,0.41
hernia,0.41
denote,0.37
required,0.37
crystallised,0.73
needless,0.35
shallow,0.35
arterial,0.43
penetrate,0.35
pharmacist,0.35
massachusetts,0.43
drag,0.45
merschel,0.31
michael,0.39
absorbable,0.35
depot,0.35
excerpt,0.39
preferably,0.33
axilla,0.35
protective,0.59
modifiable,0.43
miniaturization,0.43
visible,0.43
genetically,0.41
differential,0.36
subjective,0.36
"td5,7",0.34
regenerate,0.33
explanatory,0.41
cease,0.4
hump,0.45
parallel,0.45
raloxifene,0.39
prediabete,0.31
comorbiditie,0.33
concomitant,0.28
changeable,0.45
overcome,0.26
orally,0.35
palatable,0.35
correspond,0.39
academy,0.58
odd,0.36
measured,0.34
inquire,0.43
productsprp,0.37
promising,0.37
dramatically,0.36
inconsistence,0.36
testosterone.you,0.42
afternoon,0.3
don’t,0.45
silence,0.43
emphasize,0.25
clothing,0.35
"men.29,32",0.36
doi:10.7326,0.58
m19,0.58
allegiance,0.41
exacerbate,0.35
sebaceous,0.35
accomplish,0.42
halfway,0.42
expertly,0.39
startedpatient,0.39
collaborate,0.56
contributing,0.26
dot,0.24
coach,0.43
fiber,0.76
androstenedione,0.41
dheas,0.41
debilitate,0.45
evolutionary,0.45
penetration,0.35
abbvie,0.41
clitoris,0.42
consultant,0.41
prick,0.35
throb,0.35
annal,0.58
fraction,0.35
unused,0.35
histiocytosis,0.41
brief,0.36
physique,0.45
communicate,0.4
identification,0.33
improvement.297,0.36
yield,0.36
beneath,0.32
political,0.26
iief,0.36
meaningful,0.32
pillar,0.37
multidisciplinary,0.32
quest,0.4
pint,0.35
remarkable,0.33
north,0.4
gonadotrophin,0.41
letter,0.29
zone,0.45
understandably,0.41
endo,0.41
mislead,0.45
overlook,0.45
elimination,0.41
mode,0.39
acceptable,0.45
regime,0.32
transitory,0.34
privacy,0.44
individualised,0.38
identifiable,0.43
nodule,0.41
m.s,0.58
literally,0.45
troublesome,0.43
anorexia,0.41
sperate,0.31
orchiectomy,0.41
contemporary,0.36
spirit,0.38
unavailable,0.35
sterile,0.46
triale,0.45
biomarker,0.34
genotype,0.31
vacuum,0.35
exclusion,0.36
questionnairetestosterone,0.37
skewed,0.56
geriatricians,0.39
psychiatrist,0.33
casual,0.42
code,0.28
mask,0.3
emas,0.32
lcms,0.36
relaxing,0.39
tampa,0.4
spatial,0.59
verbal,0.34
analyte,0.36
constitute,0.33
resemble,0.44
classification,0.36
comprise,0.36
discouraged,0.29
unregulated,0.24
urethra,0.35
trick,0.42
misleading,0.27
unhelpful,0.24
multifactorial,0.34
raisin,0.45
jointly,0.33
proportionally,0.34
sciences,0.45
rrr,0.36
chen,0.4
demographic,0.37
offspre,0.35
norm,0.33
keyword,0.37
intervene,0.42
reinforce,0.46
seamless,0.4
intratesticular,0.41
contentment,0.36
opiate,0.41
painkiller,0.41
toxicity,0.35
anaemia,0.41
citation,0.37
confused,0.45
secret,0.47
accidental,0.47
counselling,0.47
goodbye,0.18
psychologist,0.17
mhc,0.31
miller,0.46
sydell,0.46
antagonist,0.41
shave,0.44
wolf,0.44
anterior,0.41
prolactinoma,0.41
pin,0.43
reputable,0.37
naturopathic,0.45
medline,0.37
stream,0.28
nervosa,0.41
powerful,0.28
urine,0.32
boom,0.45
jolt,0.29
hopkins,0.44
obgyn,0.45
tuning,0.35
fatal,0.36
mindful,0.38
potent,0.3
corticosteroid,0.34
prednisolone,0.29
"levels.5,6,12",0.36
ucsf,0.34
pronounced,0.38
energetic,0.31
lustful,0.3
component,0.48
incompletely,0.34
overlap,0.39
arash,0.3
nayeri,0.29
efficiency,0.3
prompt,0.41
generalizability,0.36
weakening,0.45
burnett,0.38
heighten,0.37
varying,0.38
viable,0.38
stabilization,0.37
lining,0.35
endeavor,0.27
meantime,0.29
psychology,0.34
buffer,0.41
glycoprotein,0.42
misdiagnose,0.34
explicitly,0.36
magnitude,0.36
certainty,0.36
nomenclature,0.36
spark,0.33
stagnant,0.34
lisa,0.39
arthritis,0.26
lesser,0.43
achievement,0.39
tertile,0.36
means,0.35
sexy,0.3
insufficiency,0.41
turner,0.41
decreased,0.39
bell,0.45
kick,0.45
malnutrition,0.41
mobile,0.42
serotonin,0.39
facsm,0.38
ph.d,0.38
securely,0.44
darn,0.45
massive,0.42
thromboembolism,0.36
raw,0.44
affiliation,0.25
grumpy,0.45
enjoyment,0.45
moderately,0.35
walking,0.45
short-,0.35
trans,0.35
drinking,0.28
substantially,0.32
acuity,0.45
functioning,0.45
michigan,0.39
cultural,0.32
"potential.5,6,33,35,36",0.35
pdf,0.24
rochester,0.4
grant,0.41
cohort,0.37
prospective,0.36
spinach,0.76
language,0.26
arousal,0.46
domain,0.45
inverse,0.41
west,0.38
discovery,0.33
speaker,0.41
orgasm,0.45
ais,0.41
urea,0.37
poisoning,0.45
curious,0.45
survival,0.32
successfully,0.38
excrete,0.41
c2025,0.55
https://my.clevelandclinic.org/health/diseases/24897-low-testosterone-in-woman,0.55
hct,0.37
sensible,0.39
pregnancy,0.22
quantitative,0.37
nissen,0.58
officer,0.46
constant,0.4
ill,0.3
intubation,0.31
a.d.a.m,0.41
gap,0.59
management.4,0.38
buildup,0.25
wash,0.35
snore,0.51
trucker,0.45
chair,0.4
peptide,0.3
container,0.35
car,0.45
vein,0.35
ali,0.42
cotton,0.35
timely,0.41
trajectory,0.45
fatigued,0.45
plastic,0.22
party,0.26
expectancy,0.28
causation,0.36
hmg,0.45
substitute,0.36
disturb,0.45
beware,0.46
buyer,0.46
client,0.32
smooth,0.35
asempa,0.37
tremendous,0.28
urol,0.58
subcutaneously,0.35
band,0.35
approval,0.35
compete,0.41
heat,0.76
entirely,0.45
youthful,0.29
readily,0.58
suicide,0.45
emphasis,0.31
influencer,0.39
class,0.42
spread,0.35
tamoxifen,0.41
melme,0.58
impression,0.45
layperson,0.45
selection,0.32
hirsutism,0.41
williams,0.58
throw,0.45
deem,0.45
terrifying,0.45
vulnerable,0.45
funding,0.3
donation,0.41
fellowship,0.21
exception,0.34
oppose,0.45
bariatric,0.41
skull,0.4
heterogeneity,0.36
generate,0.36
columbia,0.41
conservative,0.28
musi,0.42
suite,0.4
rank,0.3
priapism,0.25
embase,0.37
prolong,0.39
worsening,0.45
considerable,0.36
jama,0.24
randomized,0.27
mail,0.45
living,0.37
fibrillation,0.37
peyronie,0.35
waste,0.33
duke,0.35
dictate,0.44
doubt,0.39
androderm,0.35
edit,0.59
tailored,0.33
vancouver,0.41
spironolactone,0.41
vast,0.45
ranges.13,0.36
spine,0.22
respiratory,0.22
comparable,0.37
mace,0.36
formulate,0.35
fetus,0.42
relevance,0.36
statistical,0.36
maker,0.36
preliminary,0.36
maturation,0.41
actively,0.27
doorstep,0.33
undert,0.31
valuable,0.52
heal,0.4
mrcgp,0.29
hairy,0.31
minimally,0.37
calibrate,0.32
willing,0.45
dip.fipt,0.29
apr,0.59
supportive,0.34
morgentaler,0.41
qol,0.36
meaning,0.35
standalone,0.45
realistic,0.42
simplification,0.24
triple,0.37
q&a,0.38
introduction,0.38
amalgamation,0.36
significance,0.36
star,0.45
statistically,0.36
corona,0.6
european,0.58
government,0.48
reclaim,0.34
"infertility.33,34",0.25
survey,0.37
billboard,0.45
taper,0.41
tapering,0.3
phd,0.36
responsibility,0.45
https://www.womenshealth.gov/a-z-topics/polycystic-ovary-syndrome,0.46
generation,0.36
ton,0.43
blunt,0.42
model,0.28
globally,0.39
specialise,0.39
carter,0.39
precise,0.42
pregnancy.34,0.41
carrier,0.41
vardenafil,0.35
staff,0.45
friendly,0.25
indication.1,0.37
vision,0.33
chromosomal,0.41
similarly,0.42
spectrum,0.28
atrial,0.37
chain,0.42
timed,0.35
plethora,0.45
seriously,0.45
modern,0.29
wellbee,0.45
activate,0.36
submit,0.45
manif,0.36
houston,0.41
preventive,0.36
reversal,0.38
immunoassay,0.36
hitter,0.45
sweet,0.45
lie,0.44
inclusion,0.36
nelson,0.58
topically,0.35
ducharme,0.34
accordingly,0.31
brings,0.27
distinct,0.35
chicago,0.37
broderick,0.45
gregory,0.32
breath,0.42
breakout,0.19
perceive,0.39
somewhat,0.43
shortness,0.42
"n=37,565",0.36
indication,0.36
january,0.37
largely,0.41
labeling,0.36
venous,0.36
androgens,0.41
ground,0.28
react,0.33
foetus,0.39
undescended,0.41
aesthetic,0.39
undesirable,0.39
boston,0.41
ultimate,0.4
courtesy,0.24
advisable,0.22
automatic,0.44
independence,0.45
masculinize,0.43
accredited,0.35
internationally,0.34
coordinate,0.42
gmt+0000,0.42
checkup,0.44
delphi,0.37
principle,0.36
cuban,0.44
sarcoidosis,0.41
query,0.28
relax,0.26
byproduct,0.44
suboptimal,0.3
absent,0.41
haemochromatosis,0.41
qaseem,0.46
oct,0.42
affiliate,0.45
institution,0.45
thereafter.438,0.35
studies.438,0.35
kit,0.32
bet,0.45
dripping,0.44
smell,0.41
expansion,0.38
internist,0.45
perfectly,0.45
quantify,0.36
airflow,0.24
continuous,0.25
hang,0.45
machine,0.27
cpap,0.25
liter,0.38
nanomole,0.38
nowadays,0.45
strengthen,0.44
behaviour,0.3
affordable,0.54
landscape,0.36
e235,0.38
peace,0.43
stressor,0.42
divide,0.29
maturity,0.35
adopt,0.42
seed,0.76
sharpness,0.44
thrive,0.44
tension,0.35
australia,0.41
steve,0.47
regiman,0.47
orthopaedic,0.22
traumatic,0.41
steven,0.44
induce,0.28
midsection,0.42
cope,0.27
occurrence,0.32
registration,0.41
amazing,0.45
capacity,0.45
eligibility,0.37
affected,0.41
fulfilling,0.4
pubmed,0.37
respect,0.37
unusually,0.36
clarification,0.38
express,0.44
innovative,0.4
solid,0.41
entry,0.35
randomly,0.29
african,0.36
americans,0.35
pubertal,0.3
buzzsprout,0.46
spotify,0.46
addict,0.46
barely,0.42
limb,0.42
pcp,0.45
embrace,0.43
feat,0.33
partnership,0.38
yale,0.41
happiness,0.45
nutshell,0.35
bullock,0.39
sustain,0.35
resubmit,0.27
dhaliwal,0.59
publishing,0.59
nuance,0.45
parse,0.45
ring,0.35
delicate,0.36
silver,0.59
cautious,0.4
perelman,0.42
terrific,0.43
float,0.43
cialis,0.35
anticonvulsant,0.41
prednisone,0.41
room,0.45
helps,0.45
virus,0.41
undescende,0.41
package,0.29
refined,0.76
thyroxine,0.37
multimedia,0.33
cardioprotective,0.33
erect,0.4
hesitant,0.45
estimated,0.33
unnoticed,0.35
extend,0.35
pressing,0.36
intensive,0.28
awkwardness,0.45
shame,0.45
itching,0.35
supra,0.35
highest,0.35
individually,0.47
shy,0.45
basket,0.45
sandeep,0.43
morbidity,0.2
propecia,0.43
appendix,0.36
exhibit,0.45
prostatespecific,0.41
psychiatry,0.39
disability,0.36
discretionary,0.37
incontinence,0.42
resection,0.42
alcoholism,0.41
hemodialysis,0.41
reasonably,0.36
questionable,0.41
legal,0.48
choy,0.43
jeremy,0.42
deepen,0.42
shampoo,0.43
textual,0.34
transcription,0.34
cirrhosis,0.41
interview,0.46
sadness,0.45
levitra,0.35
foam,0.43
actuation,0.35
transmit,0.38
await,0.26
cryptorchidism,0.41
acoustic,0.31
item,0.46
shade,0.45
shall,0.45
optimally,0.36
delve,0.45
tidbit,0.45
revise,0.35
300s,0.45
discretion,0.45
regionally,0.31
downward,0.46
redundant,0.41
faqs,0.44
quizget,0.34
quiztestosterone,0.42
reflection,0.35
hardening,0.27
narrowing,0.34
vigorously,0.36
render,0.42
engaging,0.46
immersive,0.46
lump,0.42
unevaluated,0.42
makeup,0.41
placement,0.34
antioxidant,0.47
sub,0.36
gauge,0.4
simplify,0.35
sertoli,0.41
airway,0.31
proven,0.45
immunodeficiency,0.41
accommodate,0.38
operate,0.4
overwhelming,0.45
characterize,0.45
illustrate,0.42
individualize,0.37
bioidentical,0.3
edema,0.43
noonan,0.41
xxy,0.41
contract,0.39
dl.427,0.35
stem,0.33
pennsylvania,0.41
recall,0.41
verify,0.34
florida,0.28
exacerbation,0.43
irritable,0.45
customization,0.41
flat,0.38
admit,0.41
gone,0.27
normalized,0.36
consciousness,0.45
luckily,0.29
equivalent,0.29
reproduce,0.36
phenomenon,0.45
severely,0.43
subscription,0.28
anger,0.44
bill,0.44
baumgarten,0.38
developmental,0.41
chronology,0.33
arise,0.36
distance,0.45
arrive,0.33
labwork,0.43
borderline,0.41
www.fda.gov/drugs/drug-safety-and-availability/fda-drug-safety-communication-fda-cautions-about-using-testosterone-products-low-testosterone-due,0.33
creams,0.36
surgically,0.3
hereditary,0.39
myriad,0.39
fantasy,0.43
drastic,0.44
universally,0.38
inconclusive,0.33
fuel,0.36
marco,0.4
pahor,0.26
triglyceride,0.42
garlic,0.76
lipoprotein,0.41
copy,0.31
fever,0.41
eve,0.38
titration,0.32
johns,0.44
mutation,0.41
permit,0.34
neurological,0.22
cauter,0.39
nonetheless,0.36
manufacturer,0.37
intention,0.45
medicine.net,0.4
rehab,0.42
restrict,0.3
"levels.46,47",0.28
overactive,0.43
die,0.31
ventilator,0.28
wife,0.45
anonymity,0.45
ttrial,0.41
illicit,0.41
meikle,0.41
instigator,0.28
sinus,0.28
directive,0.37
net,0.36
tube,0.35
imaging,0.25
mris,0.39
scope,0.46
feb,0.58
visual,0.59
inspiration,0.45
browse,0.29
established,0.45
bed,0.45
producer,0.45
road,0.4
bladder,0.43
gent,0.46
mid,0.38
"recommendation).5,39",0.36
peterson,0.37
herbal,0.3
remedy,0.32
madsen,0.45
image,0.41
poke,0.35
meal,0.66
hdl,0.42
policy,0.45
dopamine,0.38
egg,0.76
oyster,0.76
nice,0.45
green,0.76
khera,0.41
van,0.56
database,0.37
milk,0.41
patience,0.33
reconfirm,0.67
circadian,0.34
commercially,0.35
accuracy,0.36
money,0.45
uncommon,0.44
starting,0.35
contraceptive,0.3
scar,0.35
cunningham,0.58
basically,0.45
authorship,0.37
fund,0.29
qualitative,0.29
intimate,0.35
distress,0.43
bias,0.36
asthma,0.34
flu,0.4
louis,0.41
synthesis,0.41
methotrexate,0.41
perception,0.32
earn,0.29
hunt,0.27
masculinity,0.44
interact,0.45
ultrasound,0.45
elevation,0.29
accessible,0.39
controversial,0.37
fair,0.39
bleed,0.31
empower,0.36
strict,0.43
accident,0.37
golden,0.45
bhasin,0.58
radial,0.45
monthly,0.36
cutter,0.38
cookie,0.38
alarm,0.29
wave,0.45
david,0.43
takeaway,0.76
historically,0.27
samplaski,0.44
usual,0.41
optimisation,0.29
push,0.45
molecular,0.58
compassionate,0.38
modest,0.45
harmful,0.3
cold,0.35
sweaty,0.45
"levels.48,49",0.32
investigator,0.41
abrupt,0.26
aggressive,0.42
restriction,0.21
waiting,0.45
robert,0.58
telehealth,0.26
infertile,0.41
yoga,0.38
cooney,0.58
cecil,0.58
game,0.44
career,0.41
magnify,0.36
meditation,0.3
goldman,0.58
emotion,0.33
subset,0.45
electrolyte,0.37
culture,0.45
newborn,0.28
cerebrovascular,0.37
exhaust,0.45
infectious,0.21
cheap,0.45
intramuscularly,0.35
black,0.76
hydrated,0.33
fairly,0.44
microdosing,0.35
dig,0.45
multivitamin,0.29
prasad,0.35
implantable,0.35
long-,0.35
infant,0.41
chief,0.26
nannan,0.41
prioritise,0.35
regulatory,0.41
compliance,0.44
align,0.38
subjectively,0.39
erythropoiesis,0.42
mimicking,0.34
arnold,0.39
obvious,0.42
normalise,0.45
frustrating,0.45
attest,0.45
nausea,0.4
correlate,0.29
promise,0.45
double,0.38
participate,0.41
illegal,0.15
substantial,0.29
pearlman,0.25
seattle,0.4
midlife,0.24
misunderstanding,0.3
reliability,0.36
cutoff,0.36
piece,0.24
puzzle,0.24
inevitable,0.42
senior,0.29
controversy,0.56
conformance,0.29
text,0.45
bald,0.42
blog,0.4
judgment,0.36
thomas,0.41
divorce,0.32
ohio,0.45
pharmacodynamic,0.35
likelihood,0.3
scenario,0.35
extrapolate,0.36
sonogram,0.41
reader,0.36
salt,0.45
visitor,0.45
air,0.36
inadequacy,0.45
streamlined,0.38
temple,0.41
howard,0.58
hallmark,0.45
interrupt,0.35
colon,0.49
roughly,0.34
clin,0.59
bajic,0.45
style,0.72
tact,0.35
accelerate,0.4
tricky,0.45
lotion,0.35
removal,0.36
mandate,0.36
ignore,0.37
beauty,0.45
cinematography,0.35
citrate,0.41
beat,0.48
healthbeat,0.47
anastrozole,0.41
skilled,0.44
knowledgeable,0.32
ford,0.32
hurt,0.45
sterilization,0.45
moment,0.45
followup,0.33
fundamental,0.46
proportion,0.36
three-,0.35
cdc,0.36
website.11,0.36
structural,0.44
microdose,0.36
texture,0.35
etiology,0.39
prolactinoma.6,0.27
preventative,0.71
950ng,0.34
rounded,0.34
pull,0.45
counterpart,0.34
hba1c,0.42
kim,0.45
manufacture,0.35
collectively,0.33
pick,0.75
conserve,0.36
median,0.38
facilitate,0.27
adjunctive,0.36
adolescence,0.41
crucially,0.3
normalization,0.35
tightly,0.39
implantation,0.38
rollercoaster,0.39
bruise,0.35
soreness,0.35
fantastic,0.45
beautiful,0.45
color,0.46
adenoma,0.41
bioavailability,0.41
inevitably,0.44
thankfully,0.47
dietry,0.36
tackle,0.41
translate,0.24
constantly,0.44
integral,0.31
enthusiasm,0.45
matsumoto,0.58
suddenly,0.45
determination,0.3
eventually,0.43
men.65,0.35
suggestive,0.36
apathy,0.45
flexibility,0.35
maximize,0.35
olympic,0.43
sweat,0.44
hypotension,0.41
uncontrolle,0.41
clickable,0.22
stamp,0.31
pandemic,0.26
radiotherapy,0.4
flashy,0.45
diminish,0.45
lobido,0.45
tale,0.45
catabolic,0.35
commensurate,0.4
worsens,0.42
miraculous,0.44
breakage,0.35
climb,0.34
jim,0.46
viagra,0.35
graph,0.46
congestion,0.35
feeble,0.44
brittle,0.44
generic,0.35
applicable,0.46
montori,0.58
poorly,0.4
remains,0.38
wear,0.45
inflammatory,0.41
download,0.46
suppresse,0.41
agents.437,0.35
processing,0.59
hotale,0.46
calm,0.35
apple,0.46
td.5,0.31
undertake,0.36
"td.76,77",0.3
iowa,0.37
bodily,0.39
doesnâ€tmt,0.32
dl.181,0.35
weigh,0.42
sebum,0.42
excellent,0.32
firm,0.35
acknowledge,0.24
known,0.45
ailment,0.28
column,0.39
mess,0.49
malaria,0.33
knock,0.45
overuse,0.38
armpit,0.31
reap,0.45
tune,0.44
frank,0.45
firmly,0.35
epidemiology,0.37
propel,0.32
torso,0.35
optimistic,0.19
bottle,0.3
recommendation).5,0.35
usable,0.4
youth,0.42
thoracic,0.46
ketoconazole,0.43
incision,0.35
suppose,0.38
mentally,0.29
emergency,0.45
differ,0.42
perspective,0.6
eds,0.58
school,0.41
community,0.4
flare,0.43
oily,0.43
gmc,0.31
represent,0.36
doi,0.59
argument,0.44
genital,0.42
endocrinol,0.59
default,0.35
friend,0.45
petar,0.45
virtual,0.43
ancillary,0.37
convenience,0.23
mistake,0.47
info,0.28
ear,0.43
publication,0.37
detection,0.41
toxin,0.41
unusual,0.42
chemistry,0.41
parent,0.39
analogy,0.45
nail,0.45
mother,0.39
battery,0.35
bothersome,0.44
aggression,0.32
intercourse,0.48
covid-19,0.31
shrivel,0.41
afterward,0.35
sting,0.35
mix,0.44
objective,0.36
snyder,0.58
smart,0.45
pmid,0.59
jorgez,0.38
misconception,0.3
explosion,0.27
athlete,0.42
compensate,0.28
gabrielsen,0.36
foot,0.45
retain,0.42
blend,0.34
path,0.46
glad,0.45
killer,0.45
prolonged,0.33
unfamiliar,0.39
dietitian,0.37
plummet,0.42
status,0.27
specialty,0.39
workout,0.32
arrange,0.35
counteract,0.44
upmc,0.39
price,0.29
business,0.45
centre,0.21
deprivation,0.34
tooth,0.35
television,0.45
timeline,0.29
aside,0.4
e240,0.38
dizziness,0.42
wang,0.58
agent,0.35
official,0.38
characterise,0.41
score,0.36
region,0.34
dependent,0.34
soft,0.76
passion,0.43
race,0.46
context,0.36
motivated,0.44
phase,0.3
colleague,0.38
unstable,0.27
saturate,0.76
hyperthyroidism,0.41
standardization,0.36
collaboration,0.41
reassure,0.45
reassurance,0.45
unhealthy,0.39
osa,0.29
wow,0.45
anesthetize,0.35
layer,0.35
myhealth,0.42
womb,0.42
muddle,0.45
thinking,0.45
positively,0.37
strenuous,0.45
task,0.25
satisfactory,0.43
representation,0.25
lut,0.38
metabolise,0.41
accurately,0.36
false,0.41
house,0.45
retrograde,0.34
dive,0.45
dermatology,0.4
alter,0.35
pretend,0.45
rehabilitation,0.4
connotation,0.45
listener,0.45
incredibly,0.45
marijuana,0.41
reading,0.4
arrhythmia,0.36
implication,0.37
conversion,0.43
building,0.4
drill,0.45
tumour,0.41
june,0.59
stressful,0.45
workup,0.4
advertise,0.45
finance,0.28
resort,0.31
longevity,0.4
progressive,0.43
gluteal,0.35
renal,0.41
electrode,0.33
record,0.29
hello@thescoperadio.com,0.45
listening,0.45
occasionally,0.76
silently,0.26
assume,0.45
whocaresmenshealth.com,0.45
oversight,0.28
length,0.34
countless,0.32
spiral,0.45
minoxidil,0.43
steadily,0.35
combat,0.26
monotherapy,0.39
subsequent,0.37
"testosterone.54,55",0.36
stability,0.26
fun,0.45
lessen,0.42
locate,0.31
awesome,0.45
lymphatic,0.35
strain,0.35
magic,0.45
personally,0.34
collective,0.38
tadalafil,0.35
prone,0.43
licensed,0.31
discontinue,0.35
readjust,0.24
illegitimate,0.45
metastatic,0.32
"old.6,14,15",0.34
danger,0.3
giant,0.45
fight,0.39
surface,0.35
erythrocytosis,0.43
practical,0.33
itâ€tms,0.29
unsubscribe,0.44
bulk,0.44
sleepiness,0.45
shower,0.35
nerve,0.42
neuropathy,0.42
discover,0.29
unmatched,0.35
eligible,0.38
stabilize,0.42
thescoperadio.com,0.45
america,0.32
sticky,0.35
viscous,0.31
conversely,0.38
page,0.41
glucose,0.4
exceed,0.38
counselor,0.24
neurotransmitter,0.36
catalyst,0.25
maximum,0.33
irritate,0.35
concentrating,0.45
impossible,0.37
oligospermia,0.41
accompany,0.39
slowing,0.45
excision,0.3
gynaecomastia,0.41
ped,0.34
usage,0.34
tolerance,0.29
daytime,0.45
deeply,0.44
artificially,0.45
depress,0.45
plasma,0.39
vte,0.36
weaken,0.38
hepcidin,0.41
negate,0.25
structured,0.34
broadly,0.34
burning,0.22
discipline,0.4
pose,0.37
urinating,0.43
western,0.41
invigor,0.21
glucocorticoid,0.41
capture,0.29
sulfate,0.36
rogers,0.22
checklist,0.47
foremost,0.46
advocate,0.45
heck,0.45
fuzzy,0.45
financing,0.28
craft,0.3
pinpoint,0.38
conform,0.32
uterus,0.42
pp.2021,0.31
death,0.36
billing,0.45
cqc,0.39
confident,0.29
expense,0.34
glut,0.41
straightforward,0.35
prescription(s,0.32
route,0.35
permanent,0.41
excited,0.45
extreme,0.41
eau,0.36
aerobic,0.36
aromatisation,0.42
attain,0.42
ldl,0.39
sun,0.41
drawback,0.35
blind,0.36
honeymoon,0.45
navigate,0.32
tolerate,0.35
possibly,0.45
strained,0.42
lately,0.45
origin,0.43
predominantly,0.41
gentleman,0.45
telephone,0.34
embarrassing,0.45
normalize,0.34
equation,0.35
metabolize,0.35
enable,0.25
aid,0.38
impulsive,0.25
classic,0.45
impotence,0.31
shock,0.34
discourage,0.31
asleep,0.43
copd,0.41
coincide,0.37
slim,0.45
critically,0.32
fee,0.35
derail,0.32
toronto,0.41
explicit,0.36
instability,0.43
constellation,0.34
observational,0.36
laziness,0.44
moodiness,0.44
predictive,0.34
skillful,0.21
touliatos,0.32
curiosity,0.39
george,0.32
mumps,0.41
threat,0.43
rear,0.45
gym,0.45
inactive,0.25
exclude,0.36
participant,0.44
lutenise,0.41
e242,0.37
smoothly,0.44
unbound,0.4
anticipate,0.35
regeneration,0.37
coordinator,0.26
painful,0.35
mike,0.32
isolated,0.41
music,0.34
detrimental,0.53
dispel,0.45
thrombophilia,0.4
uncontrolled,0.4
scale,0.36
oestrodiol,0.41
titrate,0.37
save,0.25
speed,0.46
https://www.ncbi.nlm.nih.gov/pubmed/37589949,0.59
deterioration,0.45
converter,0.39
retry,0.39
specimen,0.36
40y,0.47
60y,0.47
45y,0.47
69y,0.47
20y,0.47
50y,0.47
80y,0.47
18y,0.47
androgel,0.35
testim,0.35
35y,0.47
65y,0.47
oil,0.32
ejaculation,0.41
father,0.36
watch,0.45
sensitive,0.36
hpta,0.37
industry,0.44
communication,0.45
network,0.28
gene,0.41
head,0.41
burden,0.29
gnrh,0.41
persistently,0.39
assay,0.36
pediatric,0.58
childhood,0.31
bssm,0.38
grain,0.76
acute,0.58
worried,0.45
assign,0.36
defect,0.41
license,0.33
allergy,0.39
widely,0.36
retrospective,0.36
rating,0.36
cross,0.26
blame,0.45
regenerative,0.39
series,0.36
validated,0.37
oftentime,0.45
minimal,0.35
cua,0.38
incorrect,0.39
hesitate,0.33
button,0.36
mitigate,0.34
clevelandclinic.org/menshealth,0.45
join,0.27
pocket,0.45
restful,0.41
environmental,0.41
advantage,0.45
financial,0.44
conflict,0.36
henry,0.32
cedars,0.36
numerous,0.46
warn,0.36
restorative,0.27
announcement,0.34
awareness,0.35
charge,0.28
underarm,0.34
coronary,0.36
catch,0.5
fill,0.44
pleasure,0.45
adapt,0.35
surge,0.27
tiny,0.35
factorial,0.3
multi,0.48
colorectal,0.46
hip,0.35
abdominal,0.4
initiation,0.37
exact,0.46
pass,0.2
flush,0.45
discomfort,0.33
b12,0.31
popularity,0.34
observe,0.38
groups.435,0.33
physiologic,0.33
folate,0.4
leader,0.36
restart,0.32
comparison,0.38
calculate,0.37
kocsis,0.32
referral,0.38
solve,0.45
universal,0.42
correlation,0.23
distinguished,0.37
rarely,0.27
treatment.2,0.37
trimix,0.34
pee,0.43
stimulation,0.43
trough,0.32
pde5,0.3
conference,0.39
presentation,0.41
sildenafil,0.35
grober,0.41
anymore,0.45
broad,0.42
optimization,0.34
rely,0.31
rcts).181,0.35
guest,0.45
urgent,0.45
variability,0.37
platelet,0.39
direction,0.45
drastically,0.45
luck,0.35
door,0.34
crisis,0.43
atherosclerosis,0.22
modality,0.35
trustworthy,0.45
truly,0.45
sorry,0.43
substance,0.39
session,0.22
transport,0.38
implement,0.39
secretion,0.41
emerge,0.39
nutritional,0.41
forwards,0.44
loop,0.41
inbox,0.28
regard,0.44
lift,0.43
satisfaction,0.37
tertiary,0.27
phone,0.25
contraindication,0.37
conveniently,0.38
portal,0.4
reproduction,0.43
fetal,0.41
intellectual,0.41
trust,0.32
commencement,0.36
therapy6,0.36
scalp,0.43
evolve,0.3
conjunction,0.37
herb,0.74
interpret,0.36
restoration,0.27
sole,0.28
urologic,0.39
excuse,0.45
perfect,0.45
pound,0.45
varie,0.33
regardless,0.26
gonad,0.41
td5,0.37
erythrocyte,0.41
neutralize,0.36
anaerobic,0.28
enquire,0.24
core,0.45
thirumavalavan,0.36
discrepant,0.36
stabilise,0.35
anecdotal,0.3
hgh,0.39
efficacy.40,0.34
pubescent,0.43
education,0.34
rock,0.45
breaker,0.45
uncertain,0.37
sheet,0.25
incident,0.37
feature,0.4
parking,0.45
cushing,0.41
ovarian,0.41
interval,0.35
endogenous,0.41
joint,0.45
tsh,0.41
editorial,0.42
hypertrophy,0.42
tract,0.42
fasted,0.4
buccal,0.35
technique,0.28
chap,0.58
ochsner,0.37
narcotic,0.41
utilize,0.42
enrol,0.36
sore,0.35
precocious,0.42
elsevier,0.58
central,0.58
philadelphia,0.58
a.m.,0.58
ageing,0.4
knowledge,0.45
tender,0.42
outweigh,0.27
nervous,0.39
complaint,0.45
ideally,0.32
background,0.45
diurnal,0.39
replicate,0.33
hypogonadotropic,0.51
mechanism,0.58
heavy,0.28
masculine,0.41
wish,0.34
equal,0.76
normalising,0.46
tone,0.33
occasion,0.39
recur,0.38
definitively,0.36
timing,0.35
biopsy,0.36
root,0.45
distinguish,0.29
consensus,0.38
serm,0.41
post,0.2
veteran,0.27
reflect,0.18
organise,0.35
dre,0.33
wrap,0.45
final,0.59
nuanced,0.45
cardiologist,0.35
predict,0.37
pregnant,0.42
pmol,0.36
limitation,0.36
supervise,0.33
cognition,0.45
ovulation,0.41
setting,0.33
sharp,0.38
robust,0.36
making,0.22
spur,0.41
bother,0.45
donate,0.35
unpleasant,0.39
sit,0.45
apart,0.34
suffering,0.34
reductase,0.43
reversible,0.36
cuaj,0.35
extensive,0.39
light,0.19
cardiology,0.41
local,0.39
guess,0.45
rapid,0.45
manifest,0.34
harvard,0.41
diligence,0.35
rash,0.35
outline,0.45
valid,0.55
spot,0.4
unchecked,0.41
butts,0.46
transcript,0.46
urge,0.32
surprising,0.35
dehydroepiandrosterone,0.41
mri,0.41
testopel,0.35
inadvertently,0.41
parameter,0.39
vigor,0.38
director,0.41
statistic,0.36
possibility,0.35
version,0.2
cardio,0.26
pulmonary,0.41
store,0.25
vicious,0.45
personalized,0.25
scientist,0.46
causal,0.39
manner,0.31
asanad,0.3
synthetic,0.41
england,0.34
disfunction,0.43
visceral,0.44
infect,0.36
|ꚛꚛoo,0.36
extremely,0.62
menstrual,0.41
e237,0.41
sustainable,0.29
rapidly,0.3
quizdefy,0.34
mortality,0.36
commence,0.37
alpha,0.43
special,0.35
nature,0.36
demand,0.4
minimum,0.35
transition,0.36
predisposition,0.41
prp,0.33
maintenance,0.3
traverse,0.38
micro,0.39
error,0.36
assured,0.37
dramatic,0.39
plunge,0.38
crystalize,0.35
recover,0.46
unresolved,0.42
pursue,0.4
culprit,0.42
having,0.42
anecdotally,0.44
multimorbidity,0.37
dollar,0.45
limited,0.35
personalise,0.37
prevalent,0.38
uss,0.39
shift,0.29
bypass,0.35
notably,0.34
polycystic,0.41
relaxation,0.3
embarrassment,0.33
childbearing,0.45
wise,0.45
emasculate,0.36
therapyis,0.35
exploration,0.36
purchase,0.29
highly,0.28
isnâ€tmt,0.41
compounding,0.35
advertisementadvertisement,0.42
overproduction,0.43
repair,0.38
mature,0.41
absence,0.36
financially,0.45
systematic,0.37
april,0.59
proliferate,0.45
input,0.36
left,0.36
conceive,0.41
manopause,0.34
circulation,0.26
unknown,0.36
plaque,0.37
embarrassed,0.45
pathophysiological,0.4
anything-,0.45
whichever,0.35
section,0.43
importantly,0.36
anti,0.27
interrupted,0.42
rub,0.35
cag,0.31
excellence,0.25
teen,0.42
ordering,0.37
obstruction,0.41
boob,0.39
hrt,0.36
precaution,0.34
essence,0.45
instruction,0.35
following,0.44
tease,0.45
adversely,0.45
yearly,0.41
pointer,0.42
user,0.45
cbc,0.42
illuminate,0.31
hint,0.29
sustained,0.35
pastuszak,0.45
prevention,0.41
unbiased,0.27
pump,0.35
rct,0.36
finasteride,0.43
pattern,0.43
ingredient,0.76
dhea,0.39
insert,0.35
pinch,0.35
weekly,0.35
folk,0.45
milestone,0.47
minimise,0.42
swerdloff,0.58
barrier,0.35
ahead,0.45
esteem,0.45
hpg,0.41
persistent,0.44
warning,0.36
immune,0.41
circumference,0.34
incidence,0.36
advance,0.34
functional,0.58
interesting,0.45
element,0.34
modulator,0.41
sexually,0.41
player,0.45
breathing,0.36
dark,0.76
video,0.33
fitness,0.42
uva,0.41
travel,0.39
fruit,0.76
rhythm,0.35
natesto,0.35
metronome,0.45
february,0.37
apparent,0.29
requirement,0.35
pharmaceutical,0.36
suppression,0.41
classical,0.41
radio,0.45
broken,0.44
swell,0.42
institutes,0.41
mark,0.59
switch,0.33
onion,0.76
gold,0.35
reality,0.45
related,0.37
appearance,0.37
disturbance,0.45
forgetfulness,0.45
introduce,0.32
mump,0.41
shortage,0.4
supplemental,0.32
underproducing,0.37
expensive,0.45
buttock,0.35
shape,0.27
insertion,0.35
luteinizing,0.41
impair,0.42
adaptation,0.36
backbone,0.45
clean,0.35
formula,0.35
stamina,0.45
hiit,0.49
opposite,0.26
abdomen,0.33
consistency,0.35
assist,0.36
nih,0.37
wake,0.32
independent,0.33
phlebotomy,0.39
marketing,0.45
july,0.3
reveal,0.36
everyday,0.45
medlineplus.gov,0.41
www.fda.gov/drugs/drugsafety/ucm436259.htm,0.37
correction,0.36
cah,0.41
antidepressant,0.35
severity,0.37
escalation,0.38
discontinuation.418,0.35
buy,0.34
bloodwork,0.46
stock,0.37
vs.,0.41
country,0.45
endeavour,0.4
sluggish,0.45
molecule,0.41
rbc,0.32
diabetic,0.35
interpretation,0.41
to-1,0.41
advancement,0.44
extraction,0.39
dedicated,0.45
thinning,0.27
gum,0.35
thereof,0.41
selective,0.41
treatable,0.37
mcdonald,0.32
prostatitis,0.41
venothrombolic,0.36
chromosome,0.41
shot,0.35
power,0.33
holistic,0.43
evident,0.26
kid,0.45
dosing.221,0.43
anybody,0.45
sell,0.45
zinc,0.76
overtrain,0.33
rebuild,0.36
skip,0.42
lethargy,0.45
shadow,0.45
relevant,0.32
vessel,0.26
predictable,0.35
progesterone,0.41
menu,0.46
increased,0.39
leydig,0.41
autoimmune,0.41
strongly,0.3
extent,0.28
basic,0.58
wearer,0.35
underproduction,0.45
intend,0.35
sleeplessness,0.37
library,0.41
unsafe,0.43
intent,0.47
biochemical,0.36
testimonial,0.46
profit,0.46
theirs,0.36
alteration,0.35
gear,0.45
driver,0.33
roosevelt,0.33
mixed,0.38
haemoglobin,0.42
rich,0.42
protect,0.46
renew,0.32
aids,0.41
abnormality,0.41
myth,0.45
normally,0.41
consideration,0.37
sufficient,0.29
variation,0.39
boy,0.41
stall,0.27
episode,0.45
albumin,0.38
detailed,0.36
liquid,0.35
detect,0.4
informed,0.44
cvd,0.36
minor,0.41
investigate,0.37
unexplained,0.37
southwestern,0.33
trend,0.35
snapshot,0.37
solely,0.23
calorie,0.45
belly,0.32
randomize,0.36
unwanted,0.41
inner,0.35
announcer,0.46
shockwave,0.42
mouth,0.35
nonoral,0.38
unattached,0.38
presence,0.36
improved,0.43
pmcid,0.59
opt,0.41
eliminate,0.76
intimacy,0.35
sterility,0.45
chest,0.34
caring,0.35
birth,0.41
educational,0.41
baby,0.4
pathway,0.38
strive,0.26
attribute,0.33
endorse,0.58
guarantee,0.39
henryford.com,0.32
costly,0.27
original,0.35
andrology,0.57
cumulative,0.43
gentle,0.26
complexity,0.28
routinely,0.36
vigilant,0.42
gender,0.32
unaware,0.3
preservation,0.41
recreational,0.41
smoke,0.41
immediate,0.28
lifelong,0.41
gonadal,0.41
rarity,0.45
stand,0.4
trait,0.44
appreciate,0.51
amplify,0.37
type-2,0.42
utero,0.41
respectively,0.41
redistribution,0.45
escape,0.46
sufficiently,0.37
hypertension,0.39
monday,0.36
everybody,0.45
rebalance,0.37
pregnenolone,0.41
burn,0.41
evening,0.3
grin,0.28
concept,0.57
fluid,0.43
overdiagnosing,0.36
uncomfortable,0.31
insufficient,0.36
thin,0.27
masterson,0.18
sum,0.44
tiredness,0.45
spray,0.35
scan,0.33
heavily,0.31
host,0.45
leave,0.33
previously,0.39
pathology,0.41
dip,0.41
resource,0.27
inherit,0.41
digestive,0.46
circumstance,0.47
unblinde,0.36
forever,0.31
greatly,0.35
depersonalisation,0.45
leg,0.43
irregularity,0.41
secrete,0.41
conclusion,0.35
swelling,0.43
shut,0.42
tip,0.41
overproduce,0.41
imperative,0.36
delayed,0.41
injure,0.41
chalk,0.45
reduced,0.45
disruptive,0.44
ejaculate,0.32
collect,0.32
effort,0.42
traditionally,0.43
supervision,0.42
penile,0.35
suit,0.36
juxtapose,0.45
inefficient,0.45
nostril,0.35
subtle,0.41
newsletter,0.23
n=395,0.36
endurance,0.45
tobacco,0.35
negotiable,0.38
vattikuti,0.34
nhs,0.35
canada,0.41
marrow,0.41
nerd,0.43
hyperlipidemia,0.46
qualify,0.3
confirmatory,0.37
trunk,0.43
lifespan,0.41
subscribe,0.46
dread,0.36
examination,0.39
pcos,0.41
nmol,0.37
cholesterol,0.42
lundy,0.45
category,0.32
pharmacokinetic,0.35
honest,0.45
menopausal,0.33
water,0.4
hit,0.45
organ,0.41
commercial,0.35
complex,0.22
alongside,0.41
waist,0.34
upper,0.35
confidence,0.45
mayo,0.53
alternative,0.35
annual,0.26
endpoint,0.36
actual,0.45
entire,0.26
weakness,0.44
wait,0.45
job,0.45
prescribing,0.37
cardiac,0.37
foundation,0.51
modify,0.26
noticeable,0.45
deepening,0.41
tenderness,0.43
james,0.4
eckel,0.38
field,0.33
eating,0.75
medium,0.19
google,0.36
vegetable,0.76
block,0.43
clomiphene,0.41
hemochromatosis,0.41
oxygen,0.35
reward,0.27
nonspecific,0.39
consumer,0.46
attempt,0.24
regimen,0.32
effectiveness,0.39
washington,0.4
harm,0.41
initially,0.33
fatty,0.29
variable,0.3
pre,0.37
relatively,0.35
optional,0.35
particular,0.36
entity,0.45
testes,0.41
view,0.44
importance,0.37
replace,0.34
consist,0.34
complicated,0.46
unfavourable,0.41
concerned,0.45
definitive,0.36
capsule,0.35
attend,0.38
world,0.35
attach,0.35
calcium,0.35
personalize,0.22
thoughtfully,0.41
intensity,0.46
scrotum,0.23
touch,0.35
definitely,0.45
white,0.76
slight,0.35
prevalence,0.36
enlarged,0.43
challenging,0.38
nasir,0.36
luteinise,0.41
preparations.421,0.33
spend,0.45
ed)will,0.31
unlikely,0.43
instance,0.34
getting,0.45
spermatogenesis,0.25
assessment,0.34
willingness,0.41
tie,0.44
exacerbated,0.27
device,0.35
rebalancing,0.37
vascular,0.46
hospital,0.42
website,0.46
happy,0.46
division,0.41
compound,0.35
transfer,0.35
location,0.34
hypothyroidism,0.41
action,0.34
set,0.41
discussion,0.43
national,0.41
dosing,0.35
irregular,0.41
intense,0.46
surround,0.36
canadian,0.38
forward,0.44
hypergonadotropic,0.41
safety.30,0.38
flood,0.42
sedentary,0.43
dedicate,0.24
depressive,0.45
utah,0.45
educate,0.42
fashion,0.37
sort,0.45
recognise,0.41
obviously,0.45
walk,0.44
quiz,0.37
invasive,0.35
definition,0.36
commitment,0.35
prostatic,0.41
stick,0.35
i.e.,0.36
click,0.39
expectation,0.26
course,0.39
amory,0.45
decent,0.45
specialized,0.44
height,0.37
contrast,0.36
butt,0.45
documentation,0.37
abnormally,0.41
accept,0.3
states,0.37
temporary,0.43
adam,0.31
comment,0.47
immediately,0.34
comfort,0.34
startedinjectable,0.35
diminished,0.4
increasingly,0.45
cmp,0.42
propionate,0.35
conclude,0.37
audio,0.43
reaction,0.35
slightly,0.36
baylor,0.4
british,0.41
discreet,0.35
absolute,0.36
mimic,0.4
afraid,0.45
environment,0.31
primarily,0.43
unable,0.43
inhibit,0.43
accidentally,0.35
transference,0.35
menstruation,0.42
cause(s,0.3
public,0.39
handpicke,0.25
sinai,0.41
counseling,0.45
relative,0.36
podcast,0.46
overlapping,0.37
complicate,0.31
disrupt,0.41
bph,0.35
misuse,0.4
million,0.29
therapist,0.4
methodology,0.36
behavior,0.34
dress,0.35
anawalt,0.58
enanthate,0.35
boron,0.76
clarity,0.31
certify,0.3
board,0.41
unequivocally,0.36
vascularity,0.35
future,0.31
accumulation,0.32
orthopedic,0.45
face,0.43
funk,0.45
causative,0.29
unclear,0.36
nonsmoker,0.43
overeating,0.31
resemblance,0.35
vigorous,0.3
discrepancy,0.37
bioavailable,0.38
slew,0.45
metabolization,0.35
percentile,0.36
dilemma,0.36
roman,0.45
dl).437,0.35
periodic,0.33
correctly,0.41
infrequent,0.37
couple,0.45
document,0.36
science,0.36
college,0.41
admission,0.35
nanogram,0.37
meta,0.36
androgenic,0.41
hinder,0.42
resistance,0.42
receptor,0.41
implant,0.35
thank,0.46
memory,0.45
platform,0.45
scientific,0.41
shoulder,0.35
clearly,0.41
headache,0.42
downside,0.45
recovery,0.34
stuff,0.45
overview,0.27
situation,0.45
dietary,0.76
brand,0.35
useful,0.34
united,0.37
write,0.39
resolve,0.35
haematocrit,0.42
hope,0.46
acquire,0.41
nose,0.35
oxytocin,0.35
enjoy,0.46
threshold,0.37
physically,0.43
social,0.24
indicator,0.41
fine,0.45
cite,0.55
wrong,0.45
warrant,0.36
intervention,0.41
appropriately,0.37
frequent,0.35
market,0.33
rectal,0.33
message,0.46
majority,0.45
beard,0.4
lung,0.42
assistant,0.41
atrophy,0.43
update,0.33
structure,0.24
technology,0.28
exposure,0.41
negatively,0.4
consumption,0.38
summary,0.33
opportunity,0.45
realize,0.45
depth,0.28
distribution,0.45
volume,0.39
preclude,0.31
bph.59,0.36
date,0.31
regain,0.41
obtain,0.38
dihydrotestosterone,0.42
clumping,0.34
nope,0.45
news,0.39
send,0.37
cortisol,0.42
transdermal,0.35
chorionic,0.41
never,0.45
messenger,0.43
aveed,0.35
smoking,0.4
deciliter,0.37
exactly,0.45
booster,0.45
ester,0.35
advertising,0.46
hiv,0.41
impersonation,0.45
internet,0.52
imbalance,0.42
society,0.58
table,0.36
serve,0.32
initiate,0.27
precursor,0.41
claim,0.23
interfere,0.41
consume,0.76
chance,0.37
maturing,0.37
pubic,0.38
connect,0.26
examine,0.37
clinically,0.35
muscular,0.42
away,0.34
index,0.35
subcutaneous,0.35
preparation,0.35
finally,0.45
incorporate,0.51
qualified,0.27
intake,0.76
semen,0.41
reliable,0.39
loh,0.36
diagnostic,0.36
aware,0.3
train,0.44
counsel,0.37
reevaluate,0.45
sudden,0.38
replenish,0.36
mission,0.39
cessation,0.43
conditional,0.36
muthigi,0.44
invite,0.37
unit,0.24
originally,0.44
demonstrate,0.36
ideal,0.35
dabaja,0.32
inadequate,0.41
inconsistent,0.38
analyze,0.36
inflammation,0.41
healthier,0.45
osterberg,0.37
unlike,0.38
pure,0.36
spurt,0.43
reteste,0.35
strategic,0.31
densitometry,0.37
commit,0.46
delay,0.41
barometer,0.36
huge,0.45
prepare,0.35
account,0.36
aged,0.38
analog,0.41
persist,0.4
headspace,0.45
injection).445,0.35
enlist,0.41
pronounce,0.44
disproportionally,0.44
select,0.35
aua,0.36
member,0.35
archive,0.32
count,0.42
search,0.28
average,0.33
signal,0.41
endocrinology,0.58
conversation,0.45
dht,0.43
interlink,0.43
simple,0.48
pharmacy,0.35
run,0.45
partner,0.45
attache,0.39
drink,0.76
association,0.38
struggle,0.45
vitamin,0.76
practitioner,0.35
super,0.45
wonder,0.45
international,0.54
track,0.18
attention,0.27
inside,0.35
ago,0.45
essentially,0.45
plenty,0.45
academic,0.28
lowering,0.46
comfortable,0.45
gut,0.45
word,0.45
certainly,0.45
recently,0.29
consistently,0.23
contested,0.34
retention,0.43
journal,0.58
adiposity,0.45
break,0.43
inappropriately,0.29
ultimately,0.45
infarction,0.37
myocardial,0.37
innovation,0.34
abuse,0.41
noon,0.4
separate,0.32
nutrient,0.67
spike,0.35
frequently,0.28
supply,0.35
fracture,0.44
adjustment.28,0.43
modification,0.42
mainly,0.41
transform,0.43
popular,0.44
|ꚛꚛꚛo,0.37
skimp,0.4
factual,0.37
guide,0.34
careful,0.34
psa,0.34
validate,0.36
preexist,0.38
breakdown,0.28
enroll,0.33
counter,0.45
brag,0.42
cleveland,0.46
institute,0.41
artery,0.29
finding,0.37
needle,0.35
insulin,0.42
initial,0.39
iron,0.41
success,0.45
eye,0.34
insight,0.34
regulation,0.44
thousand,0.43
mount,0.4
dad,0.45
reasonable,0.43
okay,0.45
premature,0.39
successful,0.37
company,0.44
circulate,0.39
chemical,0.4
suitable,0.35
welcome,0.46
state,0.23
relieve,0.39
m.d,0.41
register,0.38
absolutely,0.45
trauma,0.41
hypothalamic,0.41
failure,0.41
training,0.32
hyperplasia,0.41
cover,0.31
thigh,0.35
subject,0.34
etc,0.36
antigen,0.42
alopecia,0.43
ail,0.45
axis,0.41
deal,0.45
confirmed,0.39
minimize,0.32
standpoint,0.44
quit,0.36
impetus,0.37
cent,0.38
differently,0.32
inhibitor,0.41
regret,0.33
disadvantage,0.36
shrinkage,0.45
thoroughly,0.31
large,0.36
override,0.41
thirty,0.42
inability,0.45
https://themenshealthclinic.co.uk/microdosing-trt-the-future-of-testosterone-replacement-therapy/,0.56
considerably,0.32
troy,0.45
percent,0.27
email,0.44
space,0.45
absorption,0.35
nasal,0.35
opinion,0.44
undecanoate,0.35
encompass,0.33
department,0.41
digital,0.41
trip,0.35
relief,0.36
ratio,0.35
duration,0.39
percentage,0.43
mention,0.45
estimate,0.4
advanced,0.39
marker,0.41
single,0.45
telemedicine,0.37
caution,0.42
challenge,0.36
experienced,0.35
near,0.46
suspect,0.37
progress,0.34
basis,0.41
easily,0.35
line,0.45
highlight,0.36
advice,0.34
unfortunately,0.4
ascertain,0.36
versus,0.34
biological,0.33
slide,0.45
thickening,0.41
lessened,0.45
physiological,0.32
globulin,0.39
past,0.41
service,0.24
night,0.41
population,0.36
home,0.35
damage,0.41
malfunction,0.41
endocrine,0.58
kidney,0.41
surgical,0.4
depressed,0.45
flow,0.29
dangerous,0.44
recommended5,0.4
tom,0.45
opioid,0.41
whilst,0.41
secondly,0.46
specifically,0.36
purpose,0.35
baldness,0.43
somebody,0.45
prefer,0.35
journey,0.33
target,0.4
fog,0.45
multiple,0.34
dry,0.35
listen,0.46
rise,0.34
prescribed,0.35
minus,0.43
specialize,0.32
gynecomastia,0.43
cut,0.36
disagree,0.43
frustration,0.45
reliever,0.38
hematocrit,0.51
tumor,0.41
define,0.36
abnormal,0.41
steroid,0.41
infection,0.41
hey,0.45
bmi,0.37
consequence,0.45
u.s,0.33
lipid,0.41
slowly,0.35
physiology,0.58
vital,0.45
traditional,0.37
criterion,0.37
professor,0.41
worth,0.45
idea,0.45
clot,0.43
benign,0.42
previous,0.37
bear,0.41
screen,0.54
repeat,0.4
hear,0.45
connection,0.43
anabolic,0.42
preference,0.42
plus,0.32
wet,0.35
tool,0.35
enzyme,0.42
critical,0.4
figure,0.48
visit,0.45
shelf,0.26
fully,0.32
and/or,0.45
acne,0.43
program,0.38
family,0.45
measurement,0.36
urinary,0.42
lean,0.33
steele,0.45
interviewer,0.45
penis,0.35
medically,0.2
cure,0.45
reverse,0.46
thought,0.43
advise,0.47
insomnia,0.45
john,0.45
steady,0.35
share,0.3
completely,0.45
alertness,0.46
far,0.45
wide,0.32
engage,0.33
prioritize,0.65
obese,0.43
pet,0.35
spontaneous,0.45
proactive,0.42
swollen,0.31
tailor,0.38
stage,0.42
investigation,0.38
preserve,0.42
content,0.24
adequate,0.42
adulthood,0.42
agree,0.46
ameliorate,0.43
quickly,0.35
injectable,0.35
mitch,0.45
remove,0.35
request,0.37
untreated,0.42
polycythemia,0.42
value,0.4
|ꚛooo,0.37
applied,0.35
concluding,0.35
cost,0.3
state.434,0.41
design,0.43
err,0.45
let,0.45
insurance,0.36
decision,0.44
genetic,0.41
female,0.42
hold,0.35
placebo,0.36
properly,0.4
safely,0.32
outside,0.37
frequency,0.35
congenital,0.41
sensitivity,0.42
e.g.,0.38
feedback,0.41
igf-1,0.42
book,0.26
supplementation,0.38
habit,0.57
enter,0.46
tablet,0.35
typical,0.39
urological,0.39
deficient,0.36
elevate,0.42
effectively,0.36
pro,0.35
scripps.org,0.35
suppress,0.41
lethargic,0.45
henceforth,0.36
rebound,0.45
ease,0.26
excessive,0.41
kallmann,0.41
questionnaire,0.37
panel,0.36
screening,0.4
clear,0.47
procedure,0.35
half,0.35
sample,0.38
therapeutic,0.31
area,0.35
motivation,0.45
nutrition,0.65
detail,0.37
instead,0.43
fit,0.26
recognize,0.36
label,0.39
open,0.45
deep,0.35
adrenal,0.41
klinefelter,0.41
rest,0.37
irritation,0.35
gradual,0.32
mild,0.32
love,0.45
worry,0.44
proper,0.39
additionally,0.37
shrink,0.43
analyse,0.41
describe,0.32
return,0.35
external,0.18
expertise,0.29
devise,0.37
debate,0.45
recognition,0.27
con,0.35
site,0.35
fluctuate,0.34
monitoring,0.46
continue,0.41
link,0.4
hot,0.44
follicle,0.41
arm,0.35
paper,0.36
internal,0.39
approximately,0.44
cypionate,0.35
pretty,0.45
prove,0.45
closely,0.36
pay,0.45
enlarge,0.38
overtraine,0.41
additional,0.36
miss,0.45
cycle,0.45
rule,0.37
picture,0.45
stickler,0.45
peak,0.31
choice,0.31
fall,0.4
dwindle,0.32
prior,0.47
scott,0.45
tissue,0.42
estradiol,0.41
laboratory,0.36
build,0.46
contain,0.58
evaluation,0.35
clomid,0.45
extra,0.41
hand,0.35
customize,0.4
author,0.36
symptomatic,0.36
trigger,0.43
complication,0.43
intramuscular,0.35
mineral,0.44
interested,0.23
inform,0.36
formation,0.43
carefully,0.38
underlie,0.42
builder,0.36
feeling,0.45
influence,0.36
yes,0.45
optimise,0.32
rotate,0.35
self,0.31
vitality,0.45
learn,0.45
bind,0.39
quantity,0.24
prolactin,0.41
easy,0.32
rate,0.36
period,0.39
surgery,0.37
estrogen,0.41
explore,0.45
illness,0.41
understanding,0.33
characteristic,0.42
remain,0.36
exist,0.39
convenient,0.43
application,0.35
hotaling,0.45
ovulate,0.45
combination,0.34
office,0.3
soon,0.45
hemoglobin,0.36
small,0.35
hormones-,0.41
regularly,0.3
physicians,0.39
averse,0.35
guy,0.45
notice,0.4
similar,0.32
usually,0.35
anemia,0.44
hour,0.35
individualized,0.39
hypogonadal,0.37
private,0.36
excess,0.42
major,0.37
obstructive,0.41
degree,0.39
wellbeing,0.44
reduction,0.44
aim,0.28
overweight,0.42
story,0.45
consistent,0.39
efficacy,0.36
close,0.27
alleviate,0.45
nearly,0.33
rare,0.41
adverse,0.39
attributable,0.4
human,0.41
researcher,0.36
cream,0.35
attack,0.37
severe,0.35
little,0.45
fsh,0.41
moderate,0.36
shbg,0.39
university,0.41
hcg,0.38
stable,0.35
baseline,0.42
limit,0.29
strategy,0.4
remember,0.43
endocrinologist,0.24
bolster,0.36
fail,0.39
gradually,0.34
guidance,0.34
beneficial,0.42
crucial,0.33
underlying,0.38
draw,0.43
overdraw,0.52
twice,0.35
consultation,0.35
troubling,0.39
delivery,0.35
main,0.3
essential,0.4
prevent,0.43
allow,0.35
release,0.37
yeah,0.45
oestrogen,0.41
bring,0.45
publish,0.59
metabolism,0.44
convert,0.41
hard,0.45
enclomiphene,0.35
aromatase,0.41
decade,0.31
quick,0.45
advertisement,0.41
manufactured,0.41
believe,0.45
food,0.76
fluctuation,0.35
non,0.35
group,0.36
person,0.45
pellet,0.35
reference,0.37
place,0.35
desire,0.45
product,0.35
mind,0.45
thorough,0.38
big,0.45
enlargement,0.43
aspect,0.47
sound,0.45
true,0.45
undergo,0.4
accurate,0.37
discriminatory,0.38
compare,0.42
orthinne,0.41
management,0.57
short,0.35
interest,0.29
tend,0.45
adjustment,0.34
personal,0.44
list,0.29
currently,0.35
consult,0.42
candidate,0.32
alcohol,0.41
alkylated,0.36
clinician,0.36
real,0.45
helpful,0.45
fix,0.45
ready,0.44
report,0.36
urology,0.41
solution,0.36
oestradiol,0.42
literature,0.36
profile,0.32
despite,0.36
conduct,0.36
matter,0.45
bit,0.45
speak,0.45
concentrate,0.45
composition,0.45
routine,0.29
administer,0.35
access,0.46
supplement,0.37
diet,0.76
turn,0.45
establish,0.36
weak,0.34
emotional,0.45
anxiety,0.45
tired,0.45
explain,0.4
trouble,0.45
congestive,0.4
encourage,0.43
source,0.67
fda,0.47
adjust,0.43
number,0.43
energised,0.45
end,0.45
happen,0.44
difficulty,0.45
difference,0.45
reason,0.45
balanced,0.49
act,0.35
standard,0.37
middle,0.45
recent,0.35
chemotherapy,0.41
response,0.29
carry,0.33
direct,0.35
flash,0.44
choose,0.41
grade,0.36
identify,0.36
disorder,0.41
datum,0.36
child,0.35
refer,0.32
grow,0.4
androgen,0.39
metabolic,0.42
irritability,0.45
pain,0.35
probably,0.45
exam,0.43
respond,0.4
active,0.39
addition,0.44
negative,0.42
difficult,0.45
serum,0.36
bloodstream,0.35
optimize,0.39
absorbed,0.33
young,0.31
utlized,0.39
patch,0.35
thyroid,0.41
order,0.29
practice,0.57
liver,0.41
topical,0.35
significantly,0.37
andropause,0.42
unique,0.4
meet,0.42
voice,0.41
formulation,0.35
point,0.41
correct,0.42
sugar,0.75
center,0.41
dose,0.35
hypothalamus,0.41
daily,0.35
performance,0.45
address,0.33
american,0.38
expect,0.35
ongoing,0.44
later,0.41
worsen,0.43
wellness,0.24
uncover,0.42
determine,0.36
ensure,0.4
prepared,0.45
history,0.4
necessarily,0.45
sense,0.35
complete,0.34
simply,0.38
inject,0.35
promote,0.33
radiation,0.41
positive,0.38
luteinize,0.41
stimulating,0.41
osteoporosis,0.35
postmenopausal,0.44
growth,0.43
answer,0.45
eat,0.76
poor,0.45
present,0.36
cognitive,0.45
commonly,0.33
outcome,0.36
combine,0.33
swing,0.45
dosage,0.35
approve,0.35
schedule,0.4
strong,0.36
facial,0.37
secondary,0.41
signs.(moderate,0.36
play,0.43
gonadotropin,0.41
comprehensive,0.44
oral,0.35
contribute,0.43
topic,0.46
variety,0.45
concentration,0.33
morning,0.39
size,0.42
improvement,0.34
lab,0.26
slow,0.35
chronic,0.41
elevated,0.42
directly,0.35
red,0.43
evaluate,0.36
approach,0.33
achieve,0.36
administration,0.35
fast,0.35
particularly,0.36
decide,0.45
live,0.45
absorb,0.35
responsible,0.43
onset,0.58
bad,0.44
guideline,0.37
minute,0.35
puberty,0.41
relationship,0.28
exogenous,0.41
assess,0.4
scot,0.45
actually,0.45
regular,0.39
strength,0.45
mental,0.34
monitor,0.47
week,0.35
enhance,0.39
potentially,0.43
reach,0.27
event,0.36
stop,0.42
sure,0.45
want,0.45
fertility,0.41
prescription,0.38
appointment,0.27
defy,0.37
appear,0.32
pressure,0.41
syndrome,0.41
placebo.53,0.37
sperm,0.41
apnea,0.41
begin,0.29
psychological,0.45
safe,0.29
possible,0.37
online,0.58
apply,0.35
analysis,0.36
stimulate,0.41
ovary,0.41
system,0.27
lose,0.43
clinical,0.38
cell,0.42
skin,0.35
read,0.41
recommend,0.48
drop,0.41
available,0.58
ability,0.45
protein,0.76
add,0.69
protocol,0.39
testing,0.39
physician,0.44
hamper,0.41
development,0.42
new,0.38
goal,0.41
control,0.36
likely,0.36
receive,0.32
case,0.3
healthcare,0.31
necessary,0.35
article,0.24
create,0.35
generally,0.35
today,0.45
density,0.44
ask,0.45
adult,0.58
reproductive,0.41
stroke,0.37
team,0.36
support,0.4
halt,0.36
occur,0.42
testicular,0.41
type,0.41
plan,0.39
evidence,0.36
brain,0.41
confirm,0.42
information,0.44
infertility,0.43
able,0.45
accord,0.37
method,0.35
month,0.34
cardiovascular,0.37
urologist,0.46
review,0.39
deliver,0.35
maybe,0.45
stay,0.46
obesity,0.41
progressively,0.41
erection,0.46
drug,0.36
diabetes,0.41
smith,0.45
activity,0.45
regulate,0.41
appropriate,0.32
seek,0.45
recommendation,0.36
checker,0.48
fat,0.45
try,0.45
kind,0.45
trial,0.36
develop,0.43
current,0.37
safety,0.3
medicine,0.4
understand,0.45
injury,0.41
especially,0.43
lower,0.42
note,0.47
boost,0.48
perform,0.43
optimal,0.39
gain,0.45
specific,0.36
late,0.43
form,0.35
prescribe,0.38
suffer,0.45
statement,0.36
without,0.4
day,0.35
involve,0.34
professional,0.38
indicate,0.37
impact,0.28
pill,0.35
shrunken,0.42
gland,0.41
exercise,0.37
typically,0.35
raise,0.42
focus,0.45
fact,0.45
intricately,0.44
free,0.37
cancer,0.37
maintain,0.44
step,0.33
discuss,0.36
year,0.36
expert,0.38
base,0.39
sleep,0.35
require,0.3
general,0.27
restore,0.44
stress,0.32
breast,0.43
potential,0.41
early,0.39
concern,0.27
different,0.45
example,0.28
come,0.45
offer,0.39
specialist,0.37
depend,0.35
talk,0.45
injection,0.35
quality,0.43
menopause,0.41
key,0.37
depression,0.45
woman,0.39
weight,0.45
diagnosis,0.36
gel,0.35
research,0.41
hair,0.42
pituitary,0.41
people,0.45
testis,0.41
consider,0.37
diabete,0.4
overall,0.47
testicle,0.41
significant,0.36
sign,0.42
question,0.47
prostate,0.39
suggest,0.38
measure,0.36
vary,0.39
check,0.45
aging,0.45
right,0.45
avoid,0.35
follow,0.4
decline,0.44
feel,0.45
look,0.45
tell,0.45
work,0.45
associate,0.38
lot,0.45
lack,0.45
way,0.45
common,0.38
manage,0.33
individual,0.51
benefit,0.26
provide,0.35
think,0.45
role,0.31
hormonal,0.41
term,0.34
clinic,0.45
disease,0.41
effective,0.35
old,0.25
function,0.34
factor,0.37
haul,0.44
know,0.45
great,0.45
balance,0.32
primary,0.41
loss,0.44
total,0.36
naturally,0.43
mean,0.45
medication,0.35
physical,0.45
sex,0.33
contact,0.35
lead,0.43
issue,0.49
natural,0.42
storage,0.37
libido,0.45
study,0.37
thing,0.45
care,0.34
sexual,0.45
mass,0.44
treat,0.34
deficiency,0.36
bone,0.44
healthy,0.76
reduce,0.45
time,0.45
muscle,0.45
heart,0.3
process,0.22
range,0.42
produce,0.41
affect,0.43
decrease,0.44
certain,0.41
diagnose,0.36
fatigue,0.45
energy,0.45
option,0.41
improve,0.46
effect,0.35
mood,0.45
find,0.45
provider,0.35
start,0.45
normal,0.27
long,0.35
good,0.45
use,0.28
life,0.28
problem,0.42
hypogonadism,0.58
erectile,0.45
relate,0.37
risk,0.36
experience,0.45
dysfunction,0.45
production,0.41
body,0.39
doctor,0.44
test,0.36
lifestyle,0.37
change,0.33
age,0.28
therapy,0.36
like,0.45
increase,0.37
medical,0.4
result,0.37
male,0.55
high,0.42
help,0.45
condition,0.41
replacement,0.28
need,0.44
patient,0.49
important,0.43
drive,0.45
symptom,0.45
health,0.4
blood,0.42
hormone,0.41
include,0.37
cause,0.41
trt,0.39
not,0.45
treatment,0.45
man,0.36
level,0.44
low,0.45
testosterone,0.37
