node,cluster_leiden_r1p0
allan,6
mclachlin,6
jameson,6
groot,6
fate,0
squat,4
elsevi,6
kretser,6
saunder,6
incl,0
lipids,0
roaccutane,0
sunlight,0
bitch,5
tit,5
beginner,3
explainer,3
cue,0
mirror,0
cycling,1
resurface,1
advantageous,5
prematurely,5
cypinate,1
simply:-,1
dignify,5
ethically,5
circle,4
procreate,4
strange,4
fertilizer,0
shutdown,0
leaching,0
entitled,4
taker,4
grossly,0
immunity,0
pesticide,0
chasing,0
d’etre,4
junior,4
witness,4
niche,4
raison,4
earth,4
skill,4
disappointing,0
mimics,0
eureka,4
fullness,0
assumption,4
miracle,4
strapline,4
spectacular,4
additive,1
improperly,1
conception,0
unreasonable,0
constraint,0
feasible,0
unachievable,0
manager,1
pcm,1
aas,0
haematochromatosis,0
comb,4
mane,4
intracranial,0
chitchat,4
bubble,1
syringe,1
angle,1
destruction,0
bump,4
blvd,3
positas,3
las,3
stanfordhealthcare.org,5
technical,5
hostile,2
personality,2
jean,3
m.b.a,3
calcification,2
hopkin,2
exemestane,0
lazy,0
experiment,3
organize,3
interactive,3
invaluable,3
aetiology,0
panhypopituitarism,0
psychiatric,6
recruit,6
disruptor,6
allowance,7
rda,7
cmd,3
timothy,3
abbott,3
solvay,3
laboratories,3
proc,6
pubmed.ncbi.nlm.nih.gov/27313122/.,6
dubious,3
nearby,3
ag030644,3
u01,3
diego,3
minnesota,3
genotypically,0
phenotypically,0
puget,3
alabama,3
birmingham,3
feinberg,3
brigham,3
bilateral,0
albert,3
einstein,3
caveat,4
inherently,4
disseminate,3
handout,3
comforting,4
globe,5
c.p.t,3
r.d,3
trainer,3
blye,4
elyse,4
arthur,2
patrick,2
walsh,2
alive,7
ritual,7
gathering,7
demotivate,7
retired,7
plate,7
starch,7
serving,7
fulfill,4
oomph,4
dream,4
boyle,2
lyon,2
reframe,7
tradeoff,7
1improvement,5
2improved,5
3improved,5
4improved,5
5increased,5
authentically,5
undermine,5
6increase,5
sleuthing,5
dietician,3
tandem,3
companion,5
thickness,5
7improve,5
8improve,5
construct,4
sufficiency,4
9increase,5
excite,4
joyful,4
passionate,4
j.a,2
mendonça,2
frustrated,4
nagging,4
e2348692,2
pp.e2348692,2
almeida,2
ferreira,2
aboriginal,3
strait,3
islander,3
psychosis,7
schizophrenia,7
bulimia,7
khan,6
lucia,6
m.a,6
preston,6
s.e,6
torre,3
socialize,5
undiagnosed,5
g.r,6
bachelor,3
sheffield,3
fulfil,3
o’leary,6
socialization,4
untrue,4
scholarship,3
elizabethtown,3
t.g,6
travison,6
accusation,5
steer,5
hon,3
dps,3
bsc,3
p.1512268,6
frsa,3
mbcs,3
minstlm,3
mrsb,3
biotech,3
insensitive,0
insensitivity,0
40s-60s,5
60s-80s,5
imagen,3
drain,4
wrecked,4
organisation,3
accho,3
sectional,6
treating,5
wasting,5
grubhub,4
helping,3
netflix,4
cui,3
zhang,3
shen,3
gao,3
13a,3
parkview,3
toledo,3
undergrad,4
accredit,3
ukas,3
loyola,3
kadali,6
lalitha,6
chew,1
pouch,1
startedtestosterone,3
reconstruction,3
haven,3
stanton.honig@yale.edu,3
orchard,3
cornerstone,7
tweak,7
stew,7
juice,7
auaer,3
ucf,3
seared,7
embark,1
gently,1
software,3
upload,3
bake,7
precipitously,4
uniformly,4
infrastructure,3
garage,4
popup,4
blossom,4
counterproductive,7
sabotage,7
compatible,7
cook,7
allergic,7
taste,7
licensable,6
promotional,3
kindly,1
omit,1
sacrifice,7
keith,6
kprice@auanet.org,6
validity,6
eurycoma,0
longifolia,0
namesake,0
caffeine,7
pilz,7
cup,7
eurycomanone,0
ius,7
allude,6
asia,6
originating,6
confederacion,3
unabridged,3
americana,3
urologia,3
par,6
superfood,6
india,6
ayurveda,6
cau,3
algorithm,3
delicious,7
inversely,7
kurtz,6
landon,6
bruce,6
redmon,6
kelly,6
chiles,6
aphrodisiac,7
symbol,7
diameter,4
millimeter,4
cartoon,7
popeye,7
character,7
gout,7
purine,7
sterilize,7
mercury,7
deborah,6
lightner,6
martin,6
miner,6
hassan,6
automated,0
interplay,0
preservative,7
dea,1
inspection,1
murad,6
hello,4
microphone,4
presumably,7
yolk,7
predate,2
uneasy,2
monosaturate,7
virgin,7
moroccan,7
elizabeth,6
heartburn,4
omeprazole,4
platz,6
scd,6
mph,6
surprisingly,4
marc,4
unc,4
lakshmi,6
bioactive,0
load,0
ramanathan,6
gimmicky,4
untested,4
staple,7
sustainably,7
boast,7
lewis,6
executive,6
pressed,4
flank,5
vomiting,5
bimix,1
quadmix,1
hum,4
disintegrate,1
sauna,0
tub,0
whirlpool,0
troche,1
myers,3
writer,3
umiami,3
wyatt,3
nandrolone,1
stanozolol,1
oxandrolone,1
creativity,4
probe,4
goodrx,4
singlecare,4
backfire,5
candle,5
beer,7
laden,7
insult,7
mid-20,7
johnson,3
respectful,3
devote,2
establishment,2
dane,3
golf,2
grass,2
hyperestrogenemia,2
recurrence,2
mucosal,1
mucous,1
broadcast,3
pkg,3
categorization,0
conceptually,0
adequacy,2
categorizes,2
hse,1
ireland,1
homologous,0
lutenize,0
generalizable,2
andr.12770,6
doi:10.1111,6
eaa,6
jc.2018,6
diem,2
doi:10.3949,2
ccjm.91a.23064,2
doi:10.1056,2
nejmoa2215025,2
shumaker,2
exclusively,5
formally,5
excipient,1
permeator,1
anosmia,0
blindness,0
masturbation,3
receipt,3
al.4,2
millar,2
speculation,3
feldman,5
mid-,5
late-30s,5
nad,0
slang,0
finer,0
shorten,0
"+1,150%)—likely",3
terms—“secret,3
nexus,3
webinar,4
youtube,4
gso,1
shallower,1
kudo,4
pat,4
briefly,5
capability,5
corticotropin,0
testosterone.9,0
plug,4
suspend,1
coefficient,2
plague,2
precision.10,2
bathe,1
fortesta,1
soak,1
vogelxo,1
revitalize,3
unverified,3
speculative,3
jatenzo,1
tlando,1
lymph,1
graft,1
grafting,1
bless,4
overwhelmed,4
fda‐registered,3
lengthen,1
induration,0
palpable,0
stitch,1
bent,1
plication,1
evenly,3
uptick,3
harmonization,2
pathologist,2
appalachia,3
sera,2
chromatography,2
spectrometry,2
oklahoma,3
idaho,3
arkansa,3
wyoming,3
deformity,1
hourglass,1
curve,1
collagen,1
fasting,5
forecast,4
arizona,3
tennessee,3
degeneration,7
hasten,7
constrictive,1
cumbersome,1
altered,5
neglect,5
stature,5
accomplishment,5
election,3
presidential,3
contradict,2
pool,2
d.c,3
island,3
distinction,0
similarity,0
rhode,3
delaware,3
backseat,4
jog,4
empire,4
war,4
toyota,4
camry,4
intertwine,3
leaning,3
talent,4
jointed,4
reignite,3
customizable,3
application.228,1
enhancer,1
solubility,1
capogrosso,3
prof,3
sponsoring,6
yialamas,6
occlusive,1
washing,1
fold.415,1
men,0
survivorship,0
therapies.417,1
dysmorphophobia,0
hypoactive,0
cervix,0
sti,0
transgender,0
phimosis,0
culturally,5
resonate,5
stimulant,0
t.h,3
otc,0
hours.424,1
minutes.425,1
ethnicity,2
household,2
income,2
rural,1
suburban,1
mirroring,1
predefine,4
symptomology,4
aneurysm,0
aortic,0
smack,4
yearlong,4
dab,4
desai,3
sethi,3
uhealth,3
bioequivalence,1
values.428,1
brca,0
con’t,0
recording,4
noteworthy,1
rhythm.181,1
beef,7
poultry,7
skinless,7
berry,7
carrot,7
broccoli,7
maria,6
navy,7
lentil,7
behavioural,5
cbt,5
hpv,0
monkeypox,0
chickpeas,7
hays,3
taylor,3
oat,7
pneumococcal,0
shingle,0
minn,3
wheat,7
influenza,0
tetanus,0
glucagon,0
peptide-1,0
cereal,7
phytoestrogen,7
wine,7
robyn,6
zercher,6
fnp,6
pasta,7
snack,7
prep,2
prohylaxis,2
baton,3
ext,3
rouge,3
slidell,3
covington,3
tammany,3
parish,3
northshore,3
kenner,3
shiny,4
wipe,4
alvin,6
baptist,3
hwy,3
jefferson,3
(aspen,1
phenylpropionate,1
isocaproate,1
(bayer,1
brother,4
tall,4
avanafil,1
stendra,1
preexposure,2
professionally,3
unlimited,3
https://www.hormone.org/diseases-and-conditions/low-testosteronetestosterone-associate,7
https://www.hormone.org/your-health-and-hormones/glands-and-hormones-a-to-z/hormones/testosteronelow,7
patients.181,1
vesicle,1
pain.431,1
https://www.ncbi.nlm.nih.gov/pmc/articles/pmc6266690/,7
adhesive,1
muco,1
incisor,1
daily.432,1
integrate,3
specialties,3
gulf,3
nonprofit,3
alan,3
edith,3
wolff,3
chlamydia,0
gonorrhea,0
syphilis,0
hike,4
park,4
hop,4
italy,4
purgatorio,4
purgatory,4
restaurant,4
1gm,1
4ml,1
florence,4
dysmorphia/”bigorexia,0
hydration,1
levels.433,1
dysmorphic,0
felson,6
sabrina,6
audience,4
caverject,1
edex,1
phentolamine,1
oraverse,1
authentic,4
neapolitan,4
pizza,4
canine,1
hydrate,1
diving,4
underwater,4
photography,4
piggyback,4
semi,4
apart.432,1
downhill,4
hodis,6
ski,4
racing,4
palpitation,5
running,5
restlessness,5
nasopharyngitis,1
rhinorrhea,1
epistaxis,1
men.436,1
browser,3
html5,3
app,3
bolt,4
newly,4
hyperestrogenism,2
partially,2
nada,4
zip,4
telling,4
qualitatively,5
quantitatively,5
realistically,4
vague,4
concert,4
masse,4
fluoride,7
laryngologist,7
storm,4
subside,4
mini,4
fly,4
sheep,4
biomedical,4
states).440,1
undenaconate,2
discrimination,3
dnv,3
webmaster,3
pediatrician,5
shrug,5
individualization,1
loading,1
goserelin,0
triptorelin,0
biosynthesis,0
leuprolide,0
metoclopramide,0
psychoactive,0
lake,3
strengthening,7
unprocessed,7
benzyl,1
microemboli,1
benzoate,1
component.438,1
boxed,1
mitigation,1
scheduling,3
multisystem,0
prad,0
cough,1
duration.443,1
conservatively,1
hayes,6
https://thescoperadio.com,4
https://www.facebook.com/whocaresmenshealth,4
https://whocaresmenshealth.com,4
patches.182,1
reformulate,1
crystalline,1
hypoplasia,0
underdevelopment,0
evan,3
hadley,3
atlanta,3
profilesexplore,3
gupta,6
hackett,6
https://www.ncbi.nlm.nih.gov/books/nbk549843/,6
hearnshaw,3
pp.238,3
ltd,6
channel,1
ecchymose,1
headline,6
s.l,6
huo,10
scialli,10
a.r,10
mcgarvey,10
hill,10
tügertimur,10
hogenmiller,10
hirsch,10
a.i,10
fugh,10
berman,10
pp.42,6
gurney,6
enantate,1
inflate,1
rod,1
semirigid,1
glenn,6
virormone,1
(nordic,1
bendable,1
plos,10
p.e0162480,10
superficial,1
skin.449,1
merit,4
recheck,4
guasti,6
parede,6
juan,6
aquino,6
fernández,6
pp.557,6
ventura,6
verboon,6
dewitte,6
jacobs,6
thewissen,6
coagulant,2
hematoma,2
lankveld,6
shalender,6
https://www.ncbi.nlm.nih.gov/pmc/articles/pmc1476110/,6
polycthemia,2
neuroimage,6
rajfer,6
pp.855,6
magnetic,6
moserthroughout,2
sara,2
resonance,6
p=0.03).220,2
burnod,6
issac,6
paradi,6
bittoun,6
fare,2
glutron,6
pélégrini,6
moura,6
stoléru,6
"(ferring),gel",1
mg/5,1
jcem,6
discrete,1
packaging,1
https://www.ncbi.nlm.nih.gov/books/nbk513278/,6
butterfly,0
gabrielson,0
"events,363",2
"risk,233",2
risk.373,2
"analysis,372",2
testogel,1
"(besin),gel",1
durland,6
zito,6
panchatsharam,6
pp.349,6
eric,3
laborde,3
conferencing,4
overstate,4
irreversible,5
underutilise,5
abhinav,2
prevail,2
vol,6
handbook,5
tostran,1
"(prostrakan),gel",1
circulating,2
hospitalization,2
fruzzetti,5
p.100426,5
hazlett,5
kadono,6
mizokami,6
namiki,6
prod,0
trh,0
nohara,6
izumi,6
hospitalize,3
remained,3
iijima,6
kawaguchi,6
shigehara,6
barne,2
jewish,2
kato,6
https://www.ncbi.nlm.nih.gov/books/nbk534827/,6
er.2017,6
lesson,6
https://www.urologyhealth.org/urologic-conditions/low-testosterone,6
caban,6
factory,4
worker,4
p.98,6
dhindsa,3
sicker,3
autonomy,2
prescriber,2
breehl,6
pathophysiology,6
population‐base,6
pp.317,6
chung,6
multidose,1
dispenser,1
dennerstein,5
maggi,5
maturita,5
pp.46,5
haye,5
doi:10.1016,3
j.urology.2016.12.066,3
synder,3
calculated,2
p=0.02,2
erratum,2
fertile,2
withdrawal,2
rastrelli,5
dataset,2
gilbert,6
scrotal,1
askmayoexpert,6
extraneous,1
wax,1
hashimoto,0
thyroiditis,0
finkle,2
truven,2
"n=55,593",2
albeit,5
prn,5
summarise,0
flagging,0
convincing,4
huh,4
disappointed,4
unwaveringly,4
inordinate,5
unconscious,5
abbreviate,2
striking,2
religion,5
stereotype,5
affirm,4
girlfriend,4
massively,5
endothelial,2
chafing,4
marathon,4
aroused,5
habituation,5
stabilizer,2
cardioprotectant,2
mate,5
insignificant.366,2
"n=1,773",2
"n=1,261",2
biorepository,3
ict,3
or=1.54,2
copulate,5
novo,5
renewal,5
tremor,5
warm,5
stratification,2
n=13,2
animal,5
or=0.89,2
.in,5
homogenous,2
or=2.06,2
favor,2
unpublished,2
edwards,0
hudson,0
garbage,4
hardly,4
"muraleedharan,233",2
shore,2
baillargeon373,2
"deaths/1,000",2
p<0.0001,2
muraleedharan,2
stratify,2
n=581,2
intricacy,5
supraspinal,5
n=343,2
n=238,2
hr=2.02,2
p<0.01,2
compounded,1
tds,1
somatosensory,5
unbelievably,5
baillargeon,2
concede,2
hr=0.84,2
medicare,2
beneficiary,2
descent,0
vocal,0
confounder,2
naïve,2
concurrent,2
creamy,1
refrigerate,1
nighter,4
understate,4
friday,4
bayer,3
marius,3
https://www.ncbi.nlm.nih.gov/pubmed/25384570,6
invest,6
hypoallergenic,1
moisture,1
italian,6
proposal,2
provisional,2
scentless,1
empt,2
absorbent,1
moisturize,1
disperse,1
emulsion,1
aorta,0
atherosclerotic,0
variant,0
https://www.ncbi.nlm.nih.gov/pubmed/25523084,6
https://www.ncbi.nlm.nih.gov/pubmed/31496147,6
pharmacotherapy,6
mens,6
bandage,1
gauze,1
finish,1
2838ur,0
https://www.ncbi.nlm.nih.gov/pubmed/23482592,6
2021;15(5):e234,2
http://dx.doi.org/10.5489/cuaj.7252,2
dislike,1
peel,1
assoc,2
https://www.ncbi.nlm.nih.gov/pubmed/15638872,6
oxf,6
revert,6
leaf,3
proctor,3
locations13,3
locationswe,3
sawgrass,3
https://www.ncbi.nlm.nih.gov/pubmed/18270261,6
nonbound,6
b.a,6
mohr,6
differentially,6
https://www.ncbi.nlm.nih.gov/pubmed/30862651,0
registry,0
urotronic,3
nobel,3
synthesize,3
bettoocchi,2
pp.3,2
yassin,2
carvalho,2
eau;2025,2
enhancement,2
reluctance,2
scheme,2
condition.3,2
brockport,3
canandaigua,3
clara,3
barton,3
finger,1
spoon,1
noyes,3
cmaj.5,2
perpetual,2
dansville,3
east,3
geneseo,3
comorbidity,6
mmas,6
bioactivity,0
blockade,0
pointe,3
chris,4
inch,4
disinfect,1
elbow,1
mid-30s,2
virulence,2
biochemistry,3
interprovincial,3
seneca,3
wellsville,3
hornell,3
aurora,3
finite,3
lattimore,3
anschutz,3
colorado,3
g-100,3
emeritus,3
magazine,4
schwarzenegger,4
highland,3
equate,4
pop,4
foreign,0
particle,0
ethan,3
filter,3
ambulatory,3
launch,4
accumulate,0
vlcfa,0
md2,3
mohit,3
md3,3
md1,3
md4,3
jay,3
yonah,3
elmwood,3
md5,3
flawed,4
methodologically,4
grantmyre,3
md6,3
premal,3
profoundly,5
trivialise,5
phlebotomist,1
md7,3
richard,3
bebb,3
md8,3
fitzpatrick,3
md9,3
jeffrey,3
campbell,3
serge,3
abraham,3
md10,3
astella,3
msacl.org,3
md11,3
md12,3
sciex,3
dictionary,5
oxford,5
dian,3
synergistically,5
180pmol,2
issm,2
evidence).10,2
framework,2
working,2
content.5,2
summative,2
silva,6
specialised,6
n.l,6
papanikolaou,6
metuchen,3
grossmann,6
antonio,6
aplastic,0
myelodysplastic,0
quinton,6
b.d,6
pathogenesis,6
clarus,3
modulate,5
neurochemical,5
visuospatial,5
lancet,6
underscore,2
undiagnose,2
tasked,2
update.11,2
pp.761,6
spaziani,6
carlomagno,6
tarantino,6
angelini,6
vincenzi,6
gianfrilli,6
collate,2
submission,2
theme,2
propose,2
finalize,2
karkowsky,3
labs,3
felix,3
bovine,2
equine,2
mouse,2
rabbit,2
anderson,6
p.1184530,6
r.a,6
llahana,6
barth,6
j.h,6
mackenzie,6
wilke,6
sooriakumaran,6
investor,3
mhb,3
tomlinson,6
gonadatrophin,0
substandard,2
barber,6
pp.200,6
t.m,6
kyrou,6
kaltsas,6
insist,4
tab,4
randeva,6
grossman,6
a.b,6
h.s,6
weickert,6
m.o,6
nebraska,3
physic,3
lincoln,3
crystallography,8
inspect,8
unbelievable,8
p.8217,6
pairing,8
crystal,8
beiza,1
kristen,1
achievable,5
energize,5
awful,4
ride,4
crude,2
years.13,2
unrealistic,5
bombard,8
diffract,8
cypre,3
kathi,3
indian,6
shivakumar,6
nagaraju,6
microscope,8
defied,8
pp.180,6
affinity,0
bordal,3
popularly,3
pp.1151,6
saalu,6
l.c,6
osinubi,6
a.a,6
fable,6
lagos,6
@anaveciana,3
twitter,3
competition,0
anavecianasuarez.com,3
palm,3
herald,3
production.17,0
testable,0
elegant,5
intricate,5
renowned,3
suarez,3
ana,3
veciana,3
bullough,3
byron,3
misinformation,7
vegetarian,7
/memory,5
cognitive/,5
physical/,5
eager,5
kill,5
gasoline,0
pour,0
bug,4
smartwatch,4
reminder,4
presbyterian,3
shadyside,3
e236,5
tosterone,5
axillary,5
breakthrough,3
groundbreake,3
carswell,3
hormonal/,0
intrinsic,0
karolina,3
majorek,3
katarzyna,3
handing,3
przemyslaw,3
porebski,3
sandya,3
beeram,3
kyungah,3
suh,3
ashley,3
mindy,3
insurer,3
renowne,3
maryland,3
headquarter,3
woolfork,3
davisfor,5
josh,5
reputation,5
ivan,3
changer,2
refute,2
discontinuing,2
months).5,2
diminution,0
"pulsatility.18,19",0
shabalin,3
bettie,3
lauren,3
coralville,3
i-80,3
forth,4
northwest,3
pacific,3
premier,3
destination,3
meno,4
dribble,0
emptying,0
trim,5
waistline,5
bam,4
football,4
wham,4
retrospectively,4
ocean,4
punching,4
hocking,4
bedtime,5
sedative,5
gm117325,3
r01,3
gm117080,3
gm118619,3
outnumber,1
vastly,1
iatrogenic,0
kallman,0
hhsn272201200026c,3
nos,3
hhsn272201700060c,3
gasp,5
snort,5
louder,5
saliva,1
spit,1
aud,0
females,0
shady,7
tactic,7
catheterization,2
unblock,2
playlist,4
song,4
duca,6
https://my.clevelandclinic.org/health/diagnostics/24215-testosterone-test,6
condorelli,6
calogero,6
vignera,6
hardness,2
inventory,2
"score.13,20",2
intimidate,4
movement,4
brisk,4
jcm8050732,6
fade,1
roller,1
coaster,1
standardized,2
"td.6,9,25",2
academic/,2
bath,5
breathwork,5
mindfulness,5
treadmill,4
abdoman,1
timer,1
basson,6
wierman,6
reappraisal,6
arlt,6
pubmed.ncbi.nlm.nih.gov/25279570/.,6
pmc6571549,6
https://www.ncbi.nlm.nih.gov/pmc/articles/pmc6571549/,6
ferrucci,6
maggio,6
bandinelli,6
lauretani,6
acclimate,0
transient,0
chemaitilly,6
garibaldi,6
pubmed.ncbi.nlm.nih.gov/29562364/.,6
https://www.cdc.gov/labstandards/hs_standardization.html,2
spectrometry.26,2
ble,6
valenti,6
ershler,6
homa,3
warren,3
calibration,2
testosterone.27,2
guralnik,6
longo,6
j.beem.2010.11.004,6
pmc3073592,6
auxiliary,1
system(s,1
illustrative,1
apr23.doi,6
jun,6
pmc4168024,6
nihmsid,6
nihms627664,6
prasanth,6
surampudi,6
"md,1",6
dependant,0
"td.5,6",2
donohoue,6
hypofunction,6
1.publishe,6
bolus,4
shoot,4
impactful,2
structural/,2
lambert,6
swj,6
milman,6
bartke,6
men5,2
relie,2
aleksic,6
maximizing,2
tmt,2
pract,6
"md,2",6
andre,6
wittert,6
araujo,6
pmc4650468,6
gladly,5
toll,5
asap,5
havoc,5
wreak,5
potentwavetm,1
shottm,1
arch,6
intern,6
archinte.166.13.1380,6
crisp,7
instant,7
pmc2645631,6
682x.143317,6
potentshottm,1
wavetm,1
pshot,1
reuptake,5
ssris,5
ejaculatory,5
lacking,5
https://www.ncbi.nlm.nih.gov/pmc/articles/pmc2645631/,6
androl,6
spearhead,5
wood,5
compliment,0
e238,0
"conditions.5,7",0
coward,6
collateral,0
scarring,0
addiction,0
buff,5
steep,5
carson,6
feb;9(2):249,6
laksham,6
ronde,6
culley,6
versa,7
vice,7
https://medlineplus.gov/ency/patientinstructions/000722.htm,3
https://www.upmc.com/health-library/article?hwid=abo6506&locale=en-us,3
jame,6
mcbride,6
blemish,5
dull,5
wrinkle,5
months.77,5
upwards,5
burlington,6
https://www.endocrine.org/patient-engagement/endocrine-library/hormones-and-endocrine-function/reproductive-hormones,6
corporation,6
america(r,6
holding,6
pmc4074000,6
negativity,5
positivity,5
ajpregu.00360.2012,6
r958,6
christina,6
https://www.labcorp.com/tests/004226/testosterone-total,6
r951,6
comp,6
nurture,5
icd9,1
justify,1
cpt,1
necessity,1
regul,6
integr,6
c1995,6
tgrp,6
interpretive,6
juncos,6
physiol,6
mds,1
pas,1
reckelhoff,6
and/,2
rationalize,2
"treatment.7,27,31",2
calculation,2
luis,6
"md‡†,3",6
jane,6
ruisheng,6
jeuveau,5
microneedle,5
carbon,0
dioxide,0
liu,6
maranon,6
therapie,5
treatments.regenerative,5
rodrigo,6
https://www.mayomedicallaboratories.com/test-catalog/clinical+and+interpretive/8508,6
chandrashekar,6
addressing,1
coaching,1
ruiz,6
kiran,6
leadership,3
transparent,3
engine,4
tank,4
gas,4
junk,7
refine,7
kinetic,2
therapy.75,2
actuator,1
tans,1
quarter,4
screened,4
predisposed,0
sensitise,0
lopez,6
prolotherapie,5
prolozone,5
arnaldo,6
may;43(2):185,6
e239,1
withnosymptom,2
andrea,6
soljancic,6
accordance,2
recommendation).75,2
12nmol,5
stringent,2
https://www.auanet.org/guidelines-and-quality/guidelines/testosterone-deficiency-guideline,6
linthicum,6
testing.com,6
onecare,6
j.ucl.2016.01.004,6
antibiotic,0
azelaic,0
reperfusion,6
ischemia,6
pmc3081396,6
skincare,0
soap,0
ether,0
benefit.6,2
concurrently,2
lauryl,0
sle,0
https://www.testing.com/tests/testosterone/,3
womenshealth.gov,3
j.yhbeh.2011.01.009,6
crown,0
widen,0
shaped,0
forehead,0
nicotine,1
trickle,1
daunt,1
firsthand,1
rodriguez,6
wisdom,6
letrozole,0
testolactone,0
crank,0
mentor,0
karlye,6
prince,6
apprehensive,1
audible,1
beast,4
gascon,4
perpetuate,7
pornography,7
rethink,7
viewing,7
mushroom,7
engelman,6
tyler,6
ontreatment,1
testosteroneto,1
"potential.37,38",2
coneeny,6
shannon,6
manliness,5
technically,5
kettle,1
painless,1
conceiving,2
monitored,2
subfertility,0
daviau,6
meagan,6
dehydrate,4
incessantly,4
brush,1
blanket,4
overtreat,4
vomit,4
lester,3
sue,3
julie,3
spritzer,6
drip,4
combined,3
proudly,3
professionalism,3
superior,3
concerningly,2
levels.41,2
indeterminant,2
pmc4154787,6
neonatal,0
neuropsychiatric,0
gestational,0
integrated,3
med.0000000000000086,6
obe,6
diabetes.wang,6
jackson,6
deadline,5
newlywed,5
eld,3
stanford,3
potency,1
purity,1
curr,6
carolina,3
clock,3
eje-11,6
pmc3188848,6
abdulmage,6
nov;165(5):675,6
gooren,6
saad,6
zafalon,6
facs,3
marshall,3
pmc4744737,6
startedsource,6
oby.21092,6
downregulation,5
unsustainable,5
historical,2
teaching,2
biology,2
spring,6
fella,5
frisky,5
hypersensitivity,2
include:5,2
yang,5
yin,5
prudent,2
reset,0
rewarding,0
bicker,4
kiss,4
wink,4
alert,4
spoiler,4
mojo,4
christopher,0
runz,0
ong,6
ken,6
therapy.5,2
nehra,6
g.diabetes,6
yoav,6
ben‐shlomo,6
kuh,6
bodybuilde,0
nonmedical,0
localize,2
mortality.56,2
cumbria,3
violence,3
charity,3
workington,3
muniz,6
diana,6
fecal,9
guaiac,9
occult,9
immunochemical,9
necessitate,2
skew,2
graciela,6
dopaminergic,5
serotonergic,5
rebecca,6
hardy,6
gfobt,9
adams,6
stool,9
sdna,9
targeted,9
judith,6
placebo.29,2
rtcs,2
lashen,6
imagine,0
seesaw,0
excitatory,0
cloud,5
pharmacology,5
volume.61,2
keevil,6
hany,6
colonoscopy,9
colonography,9
void,2
genius,5
cash,4
obscene,4
brian,6
sigmoidoscopy,9
fsig,9
dc10,6
facility,4
bann,6
bust,4
edition,4
detrusor,2
"function.59,60,62,63",2
pleasant,0
unintended,0
a1c,2
deceased,2
amygdala,5
aversion,5
mortality.67,2
bradley,0
whack,0
fuzz,5
tuft,5
frontal,0
striatum,0
thalamus,0
hippocampus,0
cerebellum,0
critter,4
microbiome,4
charming,5
e241,2
sig-,2
"death.70,71",2
methodological,2
nificant,2
gastroenterologist,9
digest,5
evolutionarily,5
jul;34(7):1669,6
dirty,4
steroidal,4
"events.72,73",2
garner,2
sardine,7
loosely,0
pleasanton,3
propensity,2
weighting,2
latanoprost,0
prostaglandin,0
ste,3
behav,6
horm,6
rationale,5
ray,8
misunderstand,0
pfs,0
ncic,3
position,1
eisenberg,3
landing,3
reimbursement,1
iodine,0
jar,1
plunger,1
agonist,0
gram,7
https://www.endocrine.org/patient-engagement/endocrine-library/hypogonadism,6
jan,6
cancerous,0
polyp,0
dead,4
rechecke,4
sachet,1
dehydration,2
versabase,1
gip,0
glp-1,0
proceed,3
residency,3
extrusion,1
regulated,0
eyebrow,5
dear,4
midwest,4
duplication,3
inc,3
helped,0
shgb,0
pomegranate,7
snoring,5
activation,0
wildly,0
bipolar,1
uptake,1
miami,3
nitric,7
oxide,7
second,1
journalist,3
associated,0
livery,1
calgary,3
dalhousie,3
halifax,3
winnipeg,3
pfizer,3
comorbid,2
reassessment,0
manitoba,3
curvature,1
disclosure,2
remuneration,2
clever,1
tinker,1
prediman,3
shah,3
khurram,2
methodist,2
exceptionally,5
doi:10.1210,6
project,2
reuse,1
sleeping,4
fragile,1
pertinent,1
inadvertent,1
transmission,1
chemically,0
placenta,0
inactivity,0
subtler,2
strategy.420,1
substitution,6
manuscript,6
complementary,0
rheumatic,0
axiron,1
custom,1
grapple,5
indicative,5
frontier,6
frailty,5
rat,6
ice,5
precede,2
salonia,2
aleksandr,3
belakovskiy,3
resident,3
freely,1
stat,1
split,3
manageable,1
gelatinous,1
microporous,1
encounter,5
mar,6
december,6
mba,3
uab,3
messaging,7
productivity,7
principal,3
membrane,1
ehrmann,6
legro,6
wei,6
constricted,7
weakened,5
https://www.ncbi.nlm.nih.gov/pubmed/28434676,6
pencina,6
k.m,6
adjudicate,2
definite,2
abbreviation,2
disclaimer,3
cosmetic,1
mixture,1
coarse,0
sideburn,0
lincoff,6
clog,0
isidori,6
moisturizing,1
experimental,3
investigational,3
versatile,7
https://www.clinicalkey.com,6
bar,4
stretch,1
lip,1
raymond,6
turley,6
jayasena,6
c.n,6
emboli,2
numerical,2
moustache,0
discreetly,3
systemic,1
variably,1
dairy,7
equipment,2
revolutionary,3
confidential,3
ship,1
bleeding,1
hidden,4
eaif,4
terrible,4
hydro,1
solubilize,1
peripheral,2
utilisation,5
habitus,5
pore,2
france,6
basaria,6
announce,2
box,2
actuality,0
polygenic,0
pharmacother,6
eugonadal,2
testosterone.5,2
overnight,5
recalibrate,1
buckle,1
agency,2
drugmaker,2
sleeve,1
teenager,0
independently,2
liability,3
11division,3
mcgill,3
ontario,3
london,3
montreal,3
concentrated,3
predominately,5
dressing,1
collaboratively,1
exciting,1
10division,3
redness,1
dilate,7
12department,3
pile,4
weekend,4
matrix,1
landmark,3
osteopenia,0
aga,0
androgenetic,0
equally,2
uncertainty,2
breastfeed,0
adjunct,0
recombinant,0
deter,1
lived,1
minhas,6
soften,1
bot,3
chapter,3
blah,4
bunch,4
misdiagnosis,2
unnecessary,2
f.c,6
endorsement,3
jam,5
musculature,5
diarrhea,0
grave,0
coolidge,6
melish,0
coffee,1
celebrity,1
noncancerous,0
repeatedly,0
indulge,7
lateral,1
wall,5
responsive,3
appetite,5
california,3
northwestern,3
emily,6
"life.5,12",2
widespread,2
harbor,3
ryan,3
walloping,4
interchangeably,2
signify,2
heating,0
thermostat,0
hypothalmus,0
boiler,0
comply,1
ungrade,2
adherence,2
"recommendation).5,6",2
saint,3
epub,6
dementia,5
immensely,5
evoke,4
loud,5
speech,5
survivor,3
subsequently,2
normalisation,3
resume,0
translational,3
geriatric,3
pittsburgh,3
deduplication,2
title,0
50s+,5
distribute,3
alarming,5
smoker,7
hage,3
colorful,7
eggs,7
seafood,7
elderly,5
700s,4
roof,4
drug.430,1
expose,1
glass,7
childbirth,0
otolaryngology,0
discount,4
anxious,5
pastry,7
sweeten,7
outlandish,3
stake,3
enlarging,0
descend,0
risky,7
declaration,1
hazard,5
focused,4
vibrator,4
heartbeat,5
fried,7
meat,7
handle,4
precision,2
integrity,4
eugster,6
haddad,6
jul,6
neural,5
sympathetic,5
virility,7
multicenter,1
sigh,1
gainswave,1
yep,4
wladek,3
clevelandclinic.org/loveyourheartpodcast,4
heart@ccf.org,4
exclusive,5
unsettling,5
balding,0
recede,0
hairline,0
degroot,6
derive,2
priori,2
certification,3
graduate,3
grip,2
hypercholesterolemia,0
pleased,4
observed,1
hygiene,0
predictor,2
cardiometabolic,2
tracker,4
d.c.—has,2
regional,3
marked,3
aka,0
paralimbic,0
interestingly,3
deactivation,1
enforce,2
reflective,2
inferiority,2
silicone,1
offering,4
privately,4
mediterranean,7
plant,7
salmon,7
manly,4
commencing,1
formal,1
pen,1
scientifically,4
scanning,0
leverage,2
representative,2
furthermore,2
societal,5
melatonin,5
nightly,5
campus,3
usa,3
msc,6
material,2
pooled,2
hand-,1
hollow,1
inflatable,1
prosthetic,1
award,3
mountain,3
openly,4
visibly,4
bend,1
elder,0
hematology,0
hospice,0
prominent,4
truth,7
discontinuation,2
daniel,3
deny,1
lee,3
depo,1
xyosted,1
straighten,1
upward,1
intra,2
operator,2
foundational,5
passive,5
ambiguous,0
underdeveloped,0
carbohydrate,7
smoother,4
mbchb,3
transformative,3
trusted,3
microprocessor,0
patel,3
holmes,3
appraisal,6
rigorous,6
rigorously,2
nestle,3
advisory,3
contaminate,4
strike,4
endure,1
shorter,1
monograph,1
delatestryl,1
andriol,1
cavity,1
puttylike,1
hypothyroid,1
concierge,1
chip,7
anesthetic,5
sensation,5
biochemically,0
confuse,0
stigma,5
justin,3
saya,3
nicole,3
predominant,3
continually,5
binge,7
grapeseed,1
behavioral,5
instruct,5
apology,4
incorrectly,4
krakowsky,3
aldosterone,0
addison,0
identical,2
hypoparathyroidism,0
synthesise,0
gynecological,0
botox,5
jeauveau,5
microneedling,5
depotestosterone,1
onboarde,1
secure,3
horny,4
tinkering,4
crazy,4
disappear,4
parathyroid,0
downstream,5
gaba,5
blunting,5
pause,5
cac,2
guesswork,2
preparations.441,1
fundamentally,5
comparative,2
ecdysterone,4
nitrate,4
kryptonite,4
superman,4
medicated,1
muse,1
sermorelin,3
gather,1
incentive,0
tough,4
downplay,0
english,3
coloplast,3
differentiation,0
dismiss,5
dutasteride,0
mesotherapy,0
observation,5
elasticity,5
summarize,1
"therapy.28,29",5
biliary,0
pancreatic,0
thrombosis,2
cautiously,2
fire,1
flammable,1
hobby,4
impart,2
inherent,2
confusion,2
generalize,2
vote,3
virginia,3
snowie,1
unsure,5
healing,5
resilient,5
better,4
copay,4
creation,2
solicit,2
metropolitan,3
deodorant,1
dispense,1
opening,1
twist,1
geography,2
ball,1
fad,4
lifetime,4
philosophy,4
retrospect,4
podcaster,4
dial,1
topi,1
interdisciplinary,3
overtax,3
longstanding,1
theory,6
credential,1
robotic,3
vinci,3
pharmacological,6
imitate,0
voter,3
motion,5
motivate,5
oregon,3
portland,3
4636(4men,3
leafy,7
dynamic,1
marketplace,1
unfavorable,5
surgeon,3
criteria.411,2
medlineplus,3
jealous,4
whatnot,4
indirectly,0
utilization,0
merely,3
neighbor,4
obligate,4
biologic,6
equip,2
epo,0
erythropoietin,0
sculpt,5
simultaneously,5
pivotal,5
reserve,5
lifting,7
sizeable,1
predictability,0
motional,4
weird,4
contraindicate,0
inhibition,0
lifeblood,0
miserable,4
reliance,5
multitude,0
evolution,3
clue,3
ramification,3
louisiana,3
rip,4
alexandria,3
brown,7
exhaustion,5
asymptomatic,2
2023a,5
nov,5
gumline,1
deleterious,2
resultant,2
intermittent,5
panic,0
street,3
premise,4
transformation,4
periodically,2
clevelandclinic.org/cardiacconsultpodcast,3
chicken,7
coverage,4
tolerability,1
trace,1
unwashe,1
prize,2
exertion,5
faced,5
brilliant,4
panacea,4
lengthy,1
restrictive,1
smsna,3
press,2
syrinx,1
defer,1
gps,1
enjoyable,5
vibrant,5
thick,5
extract,2
methodologist,2
rubber,1
preventable,4
sight,4
unintentional,4
proprietary,1
straight,4
creatinine,0
gamma,0
bilirubin,0
glutamyltransferase,0
nocturia,0
urinate,0
climacteric,10
pp.15,10
thoughtful,1
elastic,1
slip,4
alkaline,0
description,3
glomerular,0
river,3
filtration,0
amp,1
brito,6
healthdirect,3
victoria,3
fixate,2
mucosa,1
summer,4
famous,6
angina,0
blocker,0
believer,1
ethos,3
appreciative,4
prader,0
willi,0
pine,10
insertion.446,1
flexible,9
disclose,4
aspartate,0
urgency,0
firmness,1
urethral,1
balk,4
institutional,1
therapeutic.446,1
northeast,4
alanine,0
aminotransferase,0
phosphatase,0
bibliography/,2
bedroom,6
feed,0
deaf,4
theoretically,2
ecchymosis,1
francisco,3
virtually,3
bmis,5
relation,5
interaction,5
español,3
bank,3
resilience,5
pubme,6
campaign,3
array,5
enhanced,5
geme,6
moderation,7
sexuality,6
annually,9
metal,1
interrelationship,5
unrelated,3
calendar,7
medial,7
lady,4
copper,7
throttle,7
chloride,0
genitourinary,0
throat,0
manmade,0
frederick,6
cow,4
concertation,7
motility,5
remind,4
vendor,2
converting,0
nipple,0
kliegman,6
hate,4
intuitively,4
consequently,0
subfertile,0
equilibrium,2
oncology,0
transplantation,0
pruritus,1
strictly,3
cluster,5
phrase,5
a&e,3
hub,3
blum,6
customer,2
overwhelmingly,2
random,2
satisfied,2
zitti,4
winter,3
dense,7
proportional,7
city,3
dl.436,2
specify,2
anaphylactic,1
anaphylaxis,1
iodothyronine,0
sarcopenia,5
deposit,2
lightheadedness,2
apigenin,7
quercetin,7
flavonoid,7
hopeful,4
tonsil,0
offset,4
toxic,0
horizon,4
surprise,3
suppository,1
alprostadil,1
worldwide,6
metros,3
ashwagandha,7
suck,4
mill,4
subpar,4
tri,0
fish,7
bacterial,0
viral,0
asmh,0
tongue,1
rage,3
beginning,3
cuff,1
photo,4
chat,1
pricing,1
pan,7
sale,7
guilt,5
hopelessness,5
afterthought,4
busy,4
noninvasive,2
clarify,4
segue,4
conventional,5
underestimate,5
swap,7
settle,3
engineer,4
microsurgery,3
newsroom,3
transparency,3
map,3
capable,4
jack,4
honestly,4
objectively,4
myotonic,0
dystrophy,0
flag,0
belief,5
mistaken,5
abstract,6
rekindling,5
canary,5
coal,5
collection,5
sick,6
falsely,4
unavoidable,4
nourish,5
cultivate,5
maximal,1
men.438,1
proxy,2
coughing,1
assistive,1
sharpen,5
specificity,2
bundle,1
starter,1
aversa,6
ban,2
remote,1
remotely,1
cyp3a4,0
confidently,5
hesitation,5
personalised,1
premium,1
determinant,0
"described.446,447",1
rita,6
24emory,3
emory,3
kaminetsky,1
months.447,1
sather,6
finder,0
karyotype,0
calculator,5
overestimate,5
flip,7
fortify,7
extensively,3
peer,3
partly,5
dan,6
minutes.438,1
displacement,1
editor,3
dissolve,1
adhere,1
al.446,1
flatten,5
cad,2
death.64,2
dyslipidemia,2
adjusted).446,1
altitude,0
effects:-,0
polycythaemia,5
registered,5
exert,0
gerontology,3
surrounding,5
foretell,5
nicolas,3
adenomas,0
craniopharyngioma,0
girl,0
menstruate,0
hoop,1
jump,1
joseph,3
interrelated,5
lifesave,5
https://www.uptodate.com/contents/search,3
ache,5
stiffness,5
constipation,5
perseverance,1
1688%—a,2
fold,2
hypothalamicpituitary,0
levels.6,2
dinner,7
discharge,0
milky,0
metered,1
impairment,5
leproult,3
rachel,3
generous,1
wane,1
angiography,2
tag,3
michelle,3
rapport,4
asynchronous,4
diwan,2
linger,2
intelligence,3
"changes.5,16",5
commences.2,2
"deficient,2",2
kovler,3
laugh,4
christian,6
tea,7
deserve,5
crack,4
burns,0
terminally,0
beach,3
generative,3
anomaly,0
craniofacial,0
mateusz,3
angry,2
outburst,2
constitutional,0
skeletal,0
gary,6
ashkenazi,0
jews,0
immunology,0
bulge,4
adipose,0
"tissue.44,45",0
transmittable,0
uti,0
misunderstood,1
seldom,1
budget,1
dryness,0
vaginal,0
outlook,4
prognosis,0
levothyroxine,0
underactive,0
extremity,5
temporarily,5
stone,5
blair,3
oyetewa,3
unexpected,8
systematically,2
radiology,0
compromise,5
deprive,5
sponge,5
sublingual,1
bloat,1
script,5
kumar,0
nursing,0
holahan,3
tolerable,7
embolism,0
lodge,0
uchicago,3
legume,7
distressing,4
indoor,4
fatiguability,2
randomization,2
classify,0
"lh).5,6,12",0
efficient,1
tremendously,1
pelvis,0
cited,3
subclinical,0
fellow,3
rhythmical,1
gomez,5
satisfy,5
century,4
fountain,4
fenugreek,7
donor,1
jury,7
elixir,4
scopus,2
vocabulary,2
teenage,0
dearborn,3
detroit,3
gastroenterology,3
"steroids.42,43",2
paternal,0
organic,0
prohibit,3
dermatologist,3
prophylactic,1
uncompromised,3
abundant,7
cocoa,7
czub,3
venkataramany,3
dish,7
swallow,1
trail,1
learning,6
lure,4
triiodothyronine,0
inexpensive,4
perth,3
infographic,5
november,5
hypo,0
oversee,1
legally,1
breakup,4
rough,5
study.29,2
bail,4
hassle,4
freedom,1
prohibitively,1
nationwide,3
vitaility,3
attitude,5
20s-30s,3
hormones,3
physiologically,1
reintroduction,1
ethnic,2
geographic,2
speculate,3
susceptible,0
prostatectomy,2
radical,7
detach,1
swimming,1
akhil,2
employ,3
eater,4
intuitive,4
vanity,4
nocturnal,5
endorphin,4
genitalia,4
totally,4
antifungal,0
thyrotropin,0
inbody,1
ophthalmology,3
employee,5
barat,3
thrilled,3
emasculating,4
contributor,3
benchmark,1
scanner,1
deteriorate,5
tour,5
breakfast,7
holy,4
undergraduate,3
unveil,3
data,0
ebb,0
match,1
nosebleed,1
bennett,3
booming,4
rush,4
vigen,2
inexperienced,1
infrequently,1
zit,1
sears,4
singpiel,4
floor,3
tongkat,0
september,3
hepatitis,0
pome,1
doc,4
cheek,1
spouse,4
hopefully,4
olive,7
committee,2
pgc,3
organization,6
pack,1
nurse,3
cochrane,2
kilogram,4
siri,4
vasectomy,3
indexed,2
ovid,2
facebook,4
icon,4
republican,3
acid,0
relaxed,3
ucla,3
acerus,3
crash,4
artificial,3
intranasal,1
robertson,6
adolescent,0
narrow,2
progression,2
county,3
pcv,2
embryo,4
garcia,0
south,3
bound,0
magnesium,7
kian,3
usc,3
biotin,0
sulphate,0
chocolate,7
paladin,3
stimulus,6
salad,7
bruising,1
lightheaded,1
surprised,4
nation,3
ncbi.nlm.nih.gov,6
avocado,7
disruption,5
flavor,7
sauté,7
officially,2
dessert,7
jones,3
shop,4
town,4
neutral,2
pmc,6
digestion,0
temperature,0
infiltrative,0
keck,3
mary,3
stevens,5
force,4
mulhall,6
trost,6
reviewer,6
fear,4
problematic,2
outpatient,3
monocyte,0
neutrophil,0
lymphocyte,0
allicin,7
semaglutide,0
tirzepatide,0
student,3
property,7
basophil,0
striant,1
eosinophil,0
explanation,3
healthful,3
complain,4
notion,2
covid,3
vaccine,3
surveillance,2
perimenopause,5
neck,0
mobility,5
unaddresse,0
york,3
selenium,7
display,5
trt.â,5
assistance,3
inquiry,3
rice,7
bread,7
peter,6
joke,4
cloudy,5
law,4
march,6
clotting,0
thicken,0
confirmation,2
counterintuitive,5
traish,6
statin,2
aspirin,2
ankle,0
fortunately,1
zitzmann,6
profound,1
continuously,1
messy,1
15nmol,4
legitimate,5
sustanon,1
auchus,6
ronald,6
metabolite,0
equivocal,2
kopp,6
rosen,6
dialysis,2
lay,4
promptly,5
lunch,7
metab,6
confound,2
goldfine,6
art,3
august,6
october,6
opin,6
damaging,5
eur,6
nut,7
output,0
unsatisfactory,0
hydroxylase,0
partial,0
availability,2
outpace,3
window,1
agreement,2
edge,1
suitability,1
bidirectional,0
mechanistically,0
aromatization,0
worthwhile,5
consent,5
bean,7
automatically,5
unlock,5
intact,7
permanently,7
lipoderm,1
fig,0
pulsatile,0
familiar,4
urination,0
contrary,7
isolate,0
merkle,0
disciplinary,3
urmc,3
span,6
dental,0
supraphysiological,0
wire,7
impaired,0
infer,0
ed).52,2
phosphodiesterase,2
voiding,5
resolution,6
altogether,0
complimentary,1
frame,2
preferred,1
wonderful,0
manifestation,2
dna,9
excessively,7
bespoke,1
control=,1
textbook,6
confusing,5
mellitus,0
threaten,1
nebido,1
boil,1
blockage,1
viscosity,1
thromboembolic,2
upset,0
glycemic,2
azoospermia,0
venesection,0
interpreter,3
valet,3
membership,3
global,2
quizby,3
copyright,3
vial,1
cushe,0
hyperprolactinemia,0
overload,0
priority,5
cortex,0
sep,6
testament,1
commission,1
founder,1
hypopituitarism,0
sport,5
breadcrumb,3
mychart,3
variance,2
expand,3
asian,6
pace,4
polypharmacy,0
awkward,4
classmate,4
ferritin,0
assure,3
lover,4
notable,1
orchitis,0
customise,1
utilise,1
diverse,2
trade,1
fibrous,0
60s,2
idiopathic,2
med,6
blue,5
sad,5
halting,1
anorchia,0
navigation,3
retina,0
avenue,3
gutter,4
inspire,3
traction,1
carb,7
devastating,5
cocaine,0
impairs,0
reporting,2
mindset,5
bupki,4
brannigan,6
amend,0
cry,4
movie,4
upside,5
parasympathetic,5
memorial,3
quiet,4
silent,5
inter,2
kyzatrex,1
conaway,3
springfield,3
brenda,3
bodybuilder,0
breathe,5
intermittently,5
oxidative,7
salivary,7
alternatively,1
omega-3,7
sized,1
dugdale,3
likewise,2
flight,5
homeostasis,1
epic,4
favorite,4
https://my.clevelandclinic.org/health/articles/24101-testosterone,6
inhibitory,0
apparently,4
bullet,4
favorable,2
suspicion,0
inaccurate,2
medicate,5
portion,7
teach,4
cellular,6
cascade,0
expected,0
situate,0
indirect,2
interconnect,5
sodium,0
unmask,5
apnoea,5
wary,7
erroremail,3
errorinclude,3
preview,3
existing,2
irrespective,2
undeconate,1
frog,4
athletic,6
san,3
holiday,7
jordan,4
nutritionist,4
tuberculosis,0
clan,4
imply,4
varied,2
debunk,4
erythema,1
elect,1
committed,3
innovate,3
dampen,0
loose,0
faculty,4
meeting,3
outer,1
emotionally,5
alex,4
incomplete,0
labcorp,6
honoraria,3
sickle,0
thalassemia,0
symptomatically,2
chart,4
native,4
groin,0
hernia,0
denote,1
required,1
crystallised,7
needless,1
shallow,1
arterial,5
penetrate,1
pharmacist,1
massachusetts,6
drag,4
merschel,5
michael,3
absorbable,1
depot,1
excerpt,1
preferably,1
axilla,1
protective,6
modifiable,4
miniaturization,0
visible,0
genetically,0
differential,2
subjective,2
"td5,7",2
regenerate,5
explanatory,0
cease,0
hump,4
parallel,4
raloxifene,0
prediabete,2
comorbiditie,2
concomitant,2
changeable,5
overcome,1
orally,1
palatable,1
correspond,5
academy,6
odd,2
measured,1
inquire,5
productsprp,5
promising,5
dramatically,2
inconsistence,2
testosterone.you,0
afternoon,2
don’t,4
silence,5
emphasize,3
clothing,1
"men.29,32",2
doi:10.7326,6
m19,6
allegiance,2
exacerbate,0
sebaceous,0
accomplish,5
halfway,5
expertly,1
startedpatient,1
collaborate,7
contributing,3
dot,5
coach,3
fiber,7
androstenedione,0
dheas,0
debilitate,5
evolutionary,5
penetration,1
abbvie,3
clitoris,0
consultant,3
prick,1
throb,1
annal,6
fraction,1
unused,1
histiocytosis,0
brief,2
physique,5
communicate,4
identification,1
improvement.297,2
yield,2
beneath,1
political,3
iief,2
meaningful,5
pillar,5
multidisciplinary,3
quest,1
pint,1
remarkable,5
north,3
gonadotrophin,0
letter,1
zone,4
understandably,0
endo,3
mislead,4
overlook,5
elimination,0
mode,5
acceptable,4
regime,1
transitory,1
privacy,3
individualised,1
identifiable,4
nodule,0
m.s,6
literally,4
troublesome,0
anorexia,0
sperate,2
orchiectomy,0
contemporary,2
spirit,2
unavailable,1
sterile,4
triale,4
biomarker,2
genotype,2
vacuum,1
exclusion,2
questionnairetestosterone,2
skewed,7
geriatricians,2
psychiatrist,2
casual,4
code,1
mask,5
emas,2
lcms,2
relaxing,1
tampa,1
spatial,6
verbal,5
analyte,2
constitute,3
resemble,5
classification,2
comprise,2
discouraged,1
unregulated,4
urethra,1
trick,4
misleading,5
unhelpful,5
multifactorial,5
raisin,4
jointly,1
proportionally,2
sciences,4
rrr,2
chen,0
demographic,2
offspre,2
norm,5
keyword,2
intervene,4
reinforce,5
seamless,1
intratesticular,0
contentment,5
opiate,0
painkiller,0
toxicity,1
anaemia,0
citation,2
confused,4
secret,4
accidental,0
counselling,0
goodbye,3
psychologist,3
mhc,3
miller,3
sydell,3
antagonist,0
shave,4
wolf,4
anterior,0
prolactinoma,0
pin,4
reputable,1
naturopathic,4
medline,2
stream,8
nervosa,0
powerful,8
urine,0
boom,4
jolt,4
hopkins,5
obgyn,4
tuning,1
fatal,2
mindful,5
potent,0
corticosteroid,0
prednisolone,4
"levels.5,6,12",2
ucsf,3
pronounced,5
energetic,4
lustful,4
component,7
incompletely,5
overlap,5
arash,2
nayeri,2
efficiency,5
prompt,0
generalizability,2
weakening,5
burnett,2
heighten,2
varying,2
viable,1
stabilization,0
lining,1
endeavor,6
meantime,2
psychology,3
buffer,0
glycoprotein,0
misdiagnose,2
explicitly,2
magnitude,2
certainty,2
nomenclature,2
spark,2
stagnant,2
lisa,3
arthritis,0
lesser,0
achievement,0
tertile,2
means,7
sexy,5
insufficiency,0
turner,0
decreased,2
bell,4
kick,4
malnutrition,0
mobile,3
serotonin,5
facsm,3
ph.d,3
securely,3
darn,4
massive,0
thromboembolism,2
raw,2
affiliation,3
grumpy,5
enjoyment,5
moderately,2
walking,5
short-,1
trans,1
drinking,7
substantially,7
acuity,5
functioning,5
michigan,3
cultural,7
"potential.5,6,33,35,36",1
pdf,3
rochester,3
grant,3
cohort,2
prospective,2
spinach,7
language,3
arousal,5
domain,5
inverse,2
west,3
discovery,3
speaker,3
orgasm,5
ais,0
urea,0
poisoning,4
curious,4
survival,5
successfully,5
excrete,0
c2025,6
https://my.clevelandclinic.org/health/diseases/24897-low-testosterone-in-woman,6
hct,2
sensible,2
pregnancy,0
quantitative,2
nissen,6
officer,3
constant,4
ill,0
intubation,2
a.d.a.m,3
gap,6
management.4,2
buildup,2
wash,1
snore,4
trucker,4
chair,3
peptide,0
container,1
car,4
vein,1
ali,6
cotton,1
timely,5
trajectory,5
fatigued,4
plastic,0
party,3
expectancy,2
causation,2
hmg,4
substitute,2
disturb,5
beware,3
buyer,3
client,5
smooth,1
asempa,3
tremendous,8
urol,6
subcutaneously,1
band,1
approval,1
compete,3
heat,7
entirely,4
youthful,5
readily,7
suicide,4
emphasis,3
influencer,5
class,4
spread,1
tamoxifen,0
melme,6
impression,4
layperson,4
selection,2
hirsutism,0
williams,6
throw,4
deem,1
terrifying,4
vulnerable,4
funding,2
donation,1
fellowship,3
exception,1
oppose,4
bariatric,0
skull,0
heterogeneity,2
generate,2
columbia,3
conservative,3
musi,4
suite,3
rank,3
priapism,0
embase,2
prolong,5
worsening,5
considerable,2
jama,2
randomized,2
mail,4
living,2
fibrillation,2
peyronie,1
waste,5
duke,1
dictate,4
doubt,4
androderm,1
edit,6
tailored,3
vancouver,3
spironolactone,0
vast,4
ranges.13,2
spine,0
respiratory,0
comparable,5
mace,2
formulate,1
fetus,0
relevance,2
statistical,2
maker,2
preliminary,2
maturation,0
actively,5
doorstep,3
undert,1
valuable,7
heal,3
mrcgp,3
hairy,3
minimally,1
calibrate,1
willing,4
dip.fipt,3
apr,6
supportive,1
morgentaler,3
qol,2
meaning,2
standalone,4
realistic,4
simplification,3
triple,2
q&a,2
introduction,2
amalgamation,2
significance,2
star,4
statistically,2
corona,6
european,6
government,1
reclaim,3
"infertility.33,34",2
survey,2
billboard,4
taper,2
tapering,5
phd,6
responsibility,3
https://www.womenshealth.gov/a-z-topics/polycystic-ovary-syndrome,3
generation,3
ton,4
blunt,0
model,3
globally,1
specialise,1
carter,1
precise,0
pregnancy.34,0
carrier,3
vardenafil,1
staff,3
friendly,2
indication.1,2
vision,0
chromosomal,0
similarly,0
spectrum,2
atrial,2
chain,0
timed,1
plethora,4
seriously,4
modern,5
wellbee,5
activate,1
submit,3
manif,2
houston,3
preventive,3
reversal,3
immunoassay,2
hitter,4
sweet,4
lie,5
inclusion,2
nelson,6
topically,1
ducharme,3
accordingly,2
brings,2
distinct,1
chicago,3
broderick,5
gregory,3
breath,5
breakout,0
perceive,5
somewhat,5
shortness,5
"n=37,565",2
indication,2
january,2
largely,5
labeling,2
venous,2
androgens,0
ground,3
react,5
foetus,0
undescended,0
aesthetic,5
undesirable,5
boston,3
ultimate,3
courtesy,3
advisable,5
automatic,5
independence,5
masculinize,0
accredited,2
internationally,3
coordinate,3
gmt+0000,3
checkup,4
delphi,2
principle,2
cuban,4
sarcoidosis,0
query,2
relax,4
byproduct,5
suboptimal,5
absent,0
haemochromatosis,0
qaseem,3
oct,3
affiliate,4
institution,4
thereafter.438,1
studies.438,1
kit,1
bet,4
dripping,5
smell,0
expansion,5
internist,4
perfectly,4
quantify,2
airflow,5
continuous,5
hang,4
machine,5
cpap,5
liter,2
nanomole,2
nowadays,4
strengthen,5
behaviour,5
affordable,7
landscape,2
e235,2
peace,0
stressor,5
divide,0
maturity,7
adopt,7
seed,7
sharpness,5
thrive,5
tension,1
australia,3
steve,3
regiman,7
orthopaedic,0
traumatic,0
steven,3
induce,6
midsection,0
cope,5
occurrence,2
registration,1
amazing,4
capacity,5
eligibility,1
affected,5
fulfilling,5
pubmed,2
respect,2
unusually,2
clarification,2
express,4
innovative,3
solid,2
entry,4
randomly,1
african,2
americans,2
pubertal,0
buzzsprout,3
spotify,3
addict,3
barely,5
limb,0
pcp,4
embrace,5
feat,5
partnership,1
yale,3
happiness,5
nutshell,4
bullock,3
sustain,1
resubmit,3
dhaliwal,6
publishing,6
nuance,4
parse,4
ring,1
delicate,1
silver,6
cautious,2
perelman,6
terrific,4
float,0
cialis,1
anticonvulsant,0
prednisone,0
room,4
helps,5
virus,0
undescende,0
package,1
refined,7
thyroxine,0
multimedia,2
cardioprotective,5
erect,0
hesitant,4
estimated,2
unnoticed,2
extend,1
pressing,1
intensive,2
awkwardness,4
shame,4
itching,1
supra,1
highest,2
individually,2
shy,4
basket,4
sandeep,3
morbidity,0
propecia,0
appendix,2
exhibit,5
prostatespecific,0
psychiatry,3
disability,2
discretionary,2
incontinence,0
resection,0
alcoholism,0
hemodialysis,0
reasonably,1
questionable,7
legal,7
choy,0
jeremy,0
deepen,0
shampoo,0
textual,3
transcription,3
cirrhosis,0
interview,3
sadness,5
levitra,1
foam,0
actuation,1
transmit,0
await,2
cryptorchidism,0
acoustic,5
item,0
shade,2
shall,4
optimally,5
delve,4
tidbit,4
revise,2
300s,4
discretion,4
regionally,2
downward,5
redundant,0
faqs,3
quizget,5
quiztestosterone,5
reflection,4
hardening,2
narrowing,2
vigorously,0
render,3
engaging,3
immersive,3
lump,0
unevaluated,0
makeup,0
placement,1
antioxidant,7
sub,1
gauge,1
simplify,1
sertoli,0
airway,5
proven,4
immunodeficiency,0
accommodate,1
operate,3
overwhelming,5
characterize,5
illustrate,4
individualize,1
bioidentical,5
edema,0
noonan,0
xxy,0
contract,3
dl.427,1
stem,4
pennsylvania,3
recall,0
verify,1
florida,2
exacerbation,0
irritable,5
customization,1
flat,1
admit,3
gone,4
normalized,2
consciousness,5
luckily,1
equivalent,0
reproduce,5
phenomenon,5
severely,4
subscription,1
anger,5
bill,3
baumgarten,3
developmental,0
chronology,5
arise,2
distance,5
arrive,1
labwork,1
borderline,4
www.fda.gov/drugs/drug-safety-and-availability/fda-drug-safety-communication-fda-cautions-about-using-testosterone-products-low-testosterone-due,2
creams,1
surgically,0
hereditary,0
myriad,0
fantasy,5
drastic,4
universally,0
inconclusive,2
fuel,7
marco,5
pahor,5
triglyceride,0
garlic,7
lipoprotein,0
copy,0
fever,0
eve,3
titration,1
johns,5
mutation,0
permit,1
neurological,0
cauter,3
nonetheless,2
manufacturer,2
intention,4
medicine.net,3
rehab,0
restrict,2
"levels.46,47",7
overactive,0
die,2
ventilator,2
wife,4
anonymity,4
ttrial,3
illicit,0
meikle,0
instigator,5
sinus,3
directive,2
net,2
tube,1
imaging,0
mris,0
scope,4
feb,3
visual,6
inspiration,4
browse,1
established,2
bed,4
producer,4
road,3
bladder,0
gent,4
mid,2
"recommendation).5,39",2
peterson,2
herbal,7
remedy,7
madsen,4
image,0
poke,1
meal,7
hdl,0
policy,3
dopamine,5
egg,7
oyster,7
nice,4
green,7
khera,3
van,6
database,2
milk,0
patience,5
reconfirm,7
circadian,1
commercially,1
accuracy,2
money,4
uncommon,5
starting,1
contraceptive,0
scar,1
cunningham,6
basically,4
authorship,2
fund,2
qualitative,0
intimate,1
distress,0
bias,2
asthma,0
flu,0
louis,3
synthesis,0
methotrexate,0
perception,5
earn,5
hunt,5
masculinity,5
interact,0
ultrasound,4
elevation,0
accessible,1
controversial,2
fair,2
bleed,0
empower,5
strict,2
accident,2
golden,4
bhasin,6
radial,4
monthly,1
cutter,1
cookie,1
alarm,7
wave,4
david,3
takeaway,7
historically,5
samplaski,3
usual,0
optimisation,3
push,4
molecular,6
compassionate,3
modest,5
harmful,1
cold,1
sweaty,4
"levels.48,49",5
investigator,3
abrupt,1
aggressive,0
restriction,3
waiting,4
robert,6
telehealth,3
infertile,0
yoga,5
cooney,6
cecil,6
game,5
career,3
magnify,2
meditation,5
goldman,6
emotion,5
subset,4
electrolyte,0
culture,4
newborn,0
cerebrovascular,2
exhaust,4
infectious,0
cheap,4
intramuscularly,1
black,7
hydrated,2
fairly,4
microdosing,1
dig,4
multivitamin,1
prasad,1
implantable,1
long-,1
infant,0
chief,3
nannan,3
prioritise,1
regulatory,1
compliance,1
align,5
subjectively,1
erythropoiesis,0
mimicking,1
arnold,3
obvious,5
normalise,5
frustrating,4
attest,4
nausea,5
correlate,2
promise,4
double,2
participate,3
illegal,6
substantial,5
pearlman,3
seattle,3
midlife,5
misunderstanding,5
reliability,2
cutoff,2
piece,1
puzzle,1
inevitable,5
senior,3
controversy,6
conformance,2
text,4
bald,0
blog,3
judgment,2
thomas,4
divorce,5
ohio,4
pharmacodynamic,1
likelihood,2
scenario,1
extrapolate,2
sonogram,0
reader,2
salt,4
visitor,3
air,1
inadequacy,5
streamlined,1
temple,0
howard,6
hallmark,4
interrupt,5
colon,9
roughly,1
clin,6
bajic,4
style,4
tact,5
accelerate,5
tricky,4
lotion,1
removal,0
mandate,2
ignore,5
beauty,4
cinematography,0
citrate,0
beat,4
healthbeat,4
anastrozole,0
skilled,4
knowledgeable,1
ford,3
hurt,4
sterilization,4
moment,4
followup,2
fundamental,6
proportion,2
three-,1
cdc,2
website.11,2
structural,5
microdose,1
texture,1
etiology,2
prolactinoma.6,2
preventative,7
950ng,1
rounded,3
pull,4
counterpart,1
hba1c,0
kim,4
manufacture,1
collectively,2
pick,7
conserve,1
median,2
facilitate,1
adjunctive,2
adolescence,0
crucially,2
normalization,2
tightly,0
implantation,1
rollercoaster,0
bruise,1
soreness,1
fantastic,4
beautiful,4
color,0
adenoma,0
bioavailability,0
inevitably,5
thankfully,4
dietry,1
tackle,3
translate,3
constantly,4
integral,1
enthusiasm,5
matsumoto,6
suddenly,4
determination,0
eventually,0
men.65,2
suggestive,5
apathy,5
flexibility,1
maximize,1
olympic,4
sweat,5
hypotension,0
uncontrolle,0
clickable,3
stamp,3
pandemic,2
radiotherapy,0
flashy,4
diminish,5
lobido,5
tale,4
catabolic,0
commensurate,4
worsens,5
miraculous,4
breakage,1
climb,2
jim,4
viagra,1
graph,0
congestion,1
feeble,5
brittle,5
generic,1
applicable,0
montori,6
poorly,0
remains,2
wear,4
inflammatory,0
download,3
suppresse,0
agents.437,1
processing,6
hotale,4
calm,5
apple,3
td.5,2
undertake,2
"td.76,77",2
iowa,3
bodily,0
doesnâ€tmt,0
dl.181,1
weigh,3
sebum,0
excellent,1
firm,1
acknowledge,3
known,5
ailment,3
column,1
mess,7
malaria,0
knock,4
overuse,1
armpit,0
reap,4
tune,4
frank,4
firmly,1
epidemiology,2
propel,3
torso,1
optimistic,1
bottle,1
recommendation).5,0
usable,0
youth,4
thoracic,3
ketoconazole,0
incision,1
suppose,4
mentally,5
emergency,4
differ,0
perspective,6
eds,6
school,3
community,3
flare,0
oily,0
gmc,3
represent,2
doi,6
argument,4
genital,0
endocrinol,6
default,1
friend,4
petar,4
virtual,4
ancillary,1
convenience,1
mistake,4
info,3
ear,0
publication,2
detection,0
toxin,0
unusual,0
chemistry,3
parent,5
analogy,4
nail,4
mother,0
battery,1
bothersome,4
aggression,3
intercourse,5
covid-19,2
shrivel,0
afterward,1
sting,1
mix,4
objective,2
snyder,6
smart,4
pmid,6
jorgez,3
misconception,4
explosion,2
athlete,0
compensate,0
gabrielsen,5
foot,0
retain,0
blend,1
path,5
glad,4
killer,4
prolonged,1
unfamiliar,1
dietitian,3
plummet,0
status,0
specialty,3
workout,7
arrange,1
counteract,5
upmc,3
price,1
business,4
centre,3
deprivation,3
tooth,1
television,4
timeline,2
aside,0
e240,2
dizziness,5
wang,6
agent,1
official,2
characterise,0
score,2
region,2
dependent,1
soft,7
passion,5
race,7
context,2
motivated,4
phase,1
colleague,2
unstable,2
saturate,7
hyperthyroidism,0
standardization,2
collaboration,3
reassure,4
reassurance,4
unhealthy,0
osa,2
wow,4
anesthetize,1
layer,1
myhealth,3
womb,0
muddle,5
thinking,5
positively,5
strenuous,5
task,8
satisfactory,5
representation,3
lut,2
metabolise,0
accurately,2
false,0
house,4
retrograde,0
dive,4
dermatology,0
alter,1
pretend,4
rehabilitation,3
connotation,4
listener,4
incredibly,4
marijuana,0
reading,2
arrhythmia,2
implication,2
conversion,0
building,3
drill,4
tumour,0
june,6
stressful,5
workup,4
advertise,4
finance,1
resort,1
longevity,5
progressive,5
gluteal,1
renal,0
electrode,1
record,1
hello@thescoperadio.com,4
listening,4
occasionally,7
silently,7
assume,4
whocaresmenshealth.com,4
oversight,1
length,1
countless,5
spiral,5
minoxidil,0
steadily,1
combat,5
monotherapy,0
subsequent,2
"testosterone.54,55",2
stability,1
fun,4
lessen,0
locate,0
awesome,4
lymphatic,1
strain,1
magic,4
personally,3
collective,2
tadalafil,1
prone,0
licensed,3
discontinue,2
readjust,2
illegitimate,2
metastatic,2
"old.6,14,15",2
danger,5
giant,4
fight,5
surface,1
erythrocytosis,0
practical,2
itâ€tms,5
unsubscribe,3
bulk,5
sleepiness,5
shower,1
nerve,0
neuropathy,0
discover,3
unmatched,3
eligible,1
stabilize,2
thescoperadio.com,4
america,3
sticky,1
viscous,1
conversely,0
page,3
glucose,0
exceed,0
counselor,5
neurotransmitter,5
catalyst,5
maximum,1
irritate,1
concentrating,5
impossible,5
oligospermia,0
accompany,5
slowing,5
excision,5
gynaecomastia,5
ped,5
usage,1
tolerance,2
daytime,5
deeply,4
artificially,5
depress,5
plasma,5
vte,2
weaken,0
hepcidin,0
negate,3
structured,3
broadly,3
burning,4
discipline,3
pose,0
urinating,0
western,3
invigor,3
glucocorticoid,0
capture,8
sulfate,0
rogers,5
checklist,0
foremost,4
advocate,4
heck,4
fuzzy,5
financing,1
craft,1
pinpoint,0
conform,0
uterus,0
pp.2021,3
death,2
billing,3
cqc,1
confident,1
expense,4
glut,0
straightforward,1
prescription(s,1
route,1
permanent,0
excited,4
extreme,0
eau,2
aerobic,7
aromatisation,0
attain,0
ldl,2
sun,3
drawback,1
blind,2
honeymoon,4
navigate,1
tolerate,1
possibly,4
strained,5
lately,4
origin,0
predominantly,0
gentleman,4
telephone,1
embarrassing,4
normalize,2
equation,1
metabolize,1
enable,1
aid,5
impulsive,2
classic,5
impotence,5
shock,4
discourage,4
asleep,5
copd,0
coincide,2
slim,4
critically,2
fee,1
derail,1
toronto,3
explicit,2
instability,0
constellation,5
observational,2
laziness,5
moodiness,5
predictive,0
skillful,3
touliatos,6
curiosity,2
george,6
mumps,0
threat,0
rear,4
gym,4
inactive,0
exclude,2
participant,5
lutenise,0
e242,2
smoothly,4
unbound,0
anticipate,1
regeneration,5
coordinator,3
painful,1
mike,6
isolated,0
music,3
detrimental,0
dispel,3
thrombophilia,0
uncontrolled,0
scale,2
oestrodiol,0
titrate,1
save,5
speed,5
https://www.ncbi.nlm.nih.gov/pubmed/37589949,6
deterioration,5
converter,4
retry,4
specimen,2
40y,0
60y,0
45y,0
69y,0
20y,0
50y,0
80y,0
18y,0
androgel,1
testim,1
35y,0
65y,0
oil,1
ejaculation,5
father,3
watch,4
sensitive,0
hpta,0
industry,4
communication,3
network,3
gene,0
head,0
burden,2
gnrh,0
persistently,2
assay,2
pediatric,6
childhood,0
bssm,2
grain,7
acute,6
worried,4
assign,2
defect,0
license,3
allergy,0
widely,2
retrospective,2
rating,2
cross,6
blame,4
regenerative,5
series,2
validated,2
oftentime,4
minimal,1
cua,2
incorrect,4
hesitate,3
button,2
mitigate,1
clevelandclinic.org/menshealth,4
join,3
pocket,4
restful,4
environmental,0
advantage,4
financial,3
conflict,2
henry,3
cedars,3
numerous,5
warn,2
restorative,5
announcement,2
awareness,2
charge,1
underarm,1
coronary,2
catch,4
fill,4
pleasure,4
adapt,1
surge,5
tiny,1
factorial,0
multi,9
colorectal,4
hip,1
abdominal,5
initiation,2
exact,4
pass,1
flush,5
discomfort,1
b12,0
popularity,2
observe,2
groups.435,1
physiologic,1
folate,0
leader,3
restart,0
comparison,2
calculate,2
kocsis,6
referral,4
solve,4
universal,3
correlation,2
distinguished,3
rarely,1
treatment.2,2
trimix,1
pee,0
stimulation,0
trough,1
pde5,2
conference,3
presentation,3
sildenafil,1
grober,3
anymore,4
broad,5
optimization,3
rely,4
rcts).181,1
guest,4
urgent,3
variability,2
platelet,5
direction,3
drastically,4
luck,2
door,1
crisis,5
atherosclerosis,2
modality,1
trustworthy,4
truly,4
sorry,3
substance,6
session,7
transport,0
implement,3
secretion,0
emerge,2
nutritional,0
forwards,1
loop,0
inbox,3
regard,4
lift,4
satisfaction,5
tertiary,3
phone,3
contraindication,2
conveniently,1
portal,1
reproduction,0
fetal,0
intellectual,0
trust,1
commencement,2
therapy6,2
scalp,0
evolve,3
conjunction,5
herb,6
interpret,2
restoration,1
sole,1
urologic,3
excuse,4
perfect,4
pound,4
varie,1
regardless,5
gonad,0
td5,2
erythrocyte,0
neutralize,0
anaerobic,7
enquire,3
core,4
thirumavalavan,3
discrepant,2
stabilise,1
anecdotal,2
hgh,0
efficacy.40,1
pubescent,0
education,3
rock,4
breaker,4
uncertain,2
sheet,3
incident,2
feature,3
parking,4
cushing,0
ovarian,0
interval,1
endogenous,0
joint,5
tsh,0
editorial,3
hypertrophy,0
tract,0
fasted,0
buccal,1
technique,1
chap,6
ochsner,3
narcotic,0
utilize,2
enrol,2
sore,1
precocious,0
elsevier,6
central,6
philadelphia,6
a.m.,6
ageing,0
knowledge,2
tender,5
outweigh,2
nervous,5
complaint,5
ideally,1
background,4
diurnal,0
replicate,1
hypogonadotropic,6
mechanism,6
heavy,1
masculine,5
wish,1
equal,7
normalising,5
tone,3
occasion,2
recur,4
definitively,2
timing,1
biopsy,0
root,4
distinguish,3
consensus,2
serm,0
post,3
veteran,2
reflect,3
organise,1
dre,0
wrap,4
final,6
nuanced,4
cardiologist,2
predict,2
pregnant,0
pmol,2
limitation,2
supervise,2
cognition,5
ovulation,0
setting,2
sharp,5
robust,5
making,0
spur,0
bother,4
donate,1
unpleasant,5
sit,4
apart,1
suffering,5
reductase,0
reversible,2
cuaj,2
extensive,1
light,8
cardiology,3
local,1
guess,4
rapid,5
manifest,5
harvard,3
diligence,1
rash,1
outline,3
valid,6
spot,0
unchecked,0
butts,3
transcript,3
urge,2
surprising,5
dehydroepiandrosterone,0
mri,0
testopel,1
inadvertently,0
parameter,2
vigor,2
director,3
statistic,2
possibility,1
version,3
cardio,7
pulmonary,0
store,1
vicious,5
personalized,3
scientist,3
causal,2
manner,1
asanad,4
synthetic,0
england,2
disfunction,5
visceral,5
infect,2
|ꚛꚛoo,2
extremely,7
menstrual,0
e237,0
sustainable,1
rapidly,2
quizdefy,1
mortality,2
commence,2
alpha,0
special,1
nature,2
demand,5
minimum,1
transition,0
predisposition,0
prp,1
maintenance,1
traverse,2
micro,0
error,2
assured,2
dramatic,0
plunge,0
crystalize,1
recover,5
unresolved,0
pursue,4
culprit,0
having,0
anecdotally,4
multimorbidity,2
dollar,4
limited,1
personalise,1
prevalent,2
uss,2
shift,7
bypass,1
notably,3
polycystic,0
relaxation,5
embarrassment,4
childbearing,4
wise,4
emasculate,4
therapyis,1
exploration,2
purchase,1
highly,3
isnâ€tmt,0
compounding,1
advertisementadvertisement,3
overproduction,0
repair,5
mature,0
absence,0
financially,4
systematic,2
april,6
proliferate,3
input,2
left,2
conceive,0
manopause,6
circulation,7
unknown,2
plaque,2
embarrassed,4
pathophysiological,0
anything-,5
whichever,1
section,2
importantly,2
anti,7
interrupted,0
rub,1
cag,2
excellence,3
teen,0
ordering,3
obstruction,0
boob,5
hrt,3
precaution,2
essence,5
instruction,1
following,4
tease,4
adversely,5
yearly,2
pointer,0
user,2
cbc,0
illuminate,0
hint,4
sustained,1
pastuszak,4
prevention,0
unbiased,3
pump,1
rct,2
finasteride,0
pattern,0
ingredient,7
dhea,0
insert,1
pinch,1
weekly,1
folk,4
milestone,0
minimise,0
swerdloff,6
barrier,1
ahead,4
esteem,5
hpg,0
persistent,5
warning,2
immune,0
circumference,2
incidence,2
advance,1
functional,6
interesting,4
element,3
modulator,0
sexually,0
player,4
breathing,5
dark,7
video,3
fitness,5
uva,3
travel,0
fruit,7
rhythm,1
natesto,1
metronome,4
february,2
apparent,2
requirement,1
pharmaceutical,2
suppression,0
classical,0
radio,4
broken,5
swell,0
institutes,3
mark,6
switch,1
onion,7
gold,2
reality,4
related,2
appearance,5
disturbance,5
forgetfulness,5
introduce,2
mump,0
shortage,0
supplemental,1
underproducing,2
expensive,4
buttock,1
shape,8
insertion,1
luteinizing,0
impair,5
adaptation,2
backbone,4
clean,1
formula,1
stamina,5
hiit,7
opposite,4
abdomen,1
consistency,1
assist,1
nih,2
wake,4
independent,5
phlebotomy,1
marketing,4
july,2
reveal,2
everyday,5
medlineplus.gov,3
www.fda.gov/drugs/drugsafety/ucm436259.htm,2
correction,2
cah,0
antidepressant,0
severity,1
escalation,2
discontinuation.418,1
buy,3
bloodwork,1
stock,3
vs.,0
country,4
endeavour,7
sluggish,4
molecule,0
rbc,2
diabetic,7
interpretation,2
to-1,0
advancement,3
extraction,0
dedicated,3
thinning,0
gum,1
thereof,0
selective,0
treatable,0
mcdonald,7
prostatitis,0
venothrombolic,2
chromosome,0
shot,1
power,2
holistic,1
evident,2
kid,4
dosing.221,1
anybody,4
sell,4
zinc,7
overtrain,7
rebuild,5
skip,3
lethargy,5
shadow,5
relevant,2
vessel,7
predictable,1
progesterone,0
menu,4
increased,5
leydig,0
autoimmune,0
strongly,3
extent,4
basic,6
wearer,1
underproduction,5
intend,3
sleeplessness,5
library,3
unsafe,0
intent,4
biochemical,2
testimonial,4
profit,3
theirs,0
alteration,1
gear,4
driver,4
roosevelt,3
mixed,2
haemoglobin,0
rich,7
protect,7
renew,3
aids,0
abnormality,0
myth,4
normally,0
consideration,2
sufficient,7
variation,2
boy,0
stall,1
episode,4
albumin,0
detailed,2
liquid,1
detect,0
informed,1
cvd,2
minor,3
investigate,2
unexplained,2
southwestern,2
trend,2
snapshot,0
solely,7
calorie,4
belly,5
randomize,2
unwanted,5
inner,1
announcer,4
shockwave,4
mouth,1
nonoral,1
unattached,0
presence,2
improved,5
pmcid,6
opt,1
eliminate,7
intimacy,5
sterility,4
chest,0
caring,3
birth,0
educational,3
baby,0
pathway,5
strive,3
attribute,5
endorse,6
guarantee,4
henryford.com,3
costly,1
original,2
andrology,6
cumulative,2
gentle,1
complexity,2
routinely,2
vigilant,0
gender,5
unaware,2
preservation,0
recreational,0
smoke,0
immediate,2
lifelong,3
gonadal,0
rarity,4
stand,0
trait,5
appreciate,4
amplify,5
type-2,0
utero,0
respectively,2
redistribution,5
escape,4
sufficiently,2
hypertension,0
monday,2
everybody,4
rebalance,4
pregnenolone,0
burn,5
evening,1
grin,0
concept,6
fluid,0
overdiagnosing,0
uncomfortable,1
insufficient,2
thin,1
masterson,3
sum,5
tiredness,5
spray,1
scan,0
heavily,7
host,4
leave,1
previously,2
pathology,3
dip,5
resource,3
inherit,0
digestive,0
circumstance,1
unblinde,2
forever,4
greatly,0
depersonalisation,5
leg,0
irregularity,0
secrete,0
conclusion,2
swelling,0
shut,4
tip,3
overproduce,0
imperative,2
delayed,0
injure,0
chalk,5
reduced,5
disruptive,5
ejaculate,0
collect,1
effort,2
traditionally,0
supervision,1
penile,1
suit,1
juxtapose,4
inefficient,5
nostril,1
subtle,5
newsletter,3
n=395,2
endurance,5
tobacco,0
negotiable,1
vattikuti,3
nhs,1
canada,3
marrow,0
nerd,0
hyperlipidemia,0
qualify,1
confirmatory,2
trunk,0
lifespan,5
subscribe,3
dread,2
examination,2
pcos,0
nmol,2
cholesterol,0
lundy,4
category,6
pharmacokinetic,1
honest,4
menopausal,5
water,0
hit,4
organ,0
commercial,4
complex,5
alongside,0
waist,2
upper,1
confidence,5
mayo,3
alternative,1
annual,3
endpoint,2
actual,4
entire,1
weakness,5
wait,4
job,4
prescribing,2
cardiac,2
foundation,6
modify,3
noticeable,5
deepening,0
tenderness,0
james,3
eckel,2
field,3
eating,7
medium,3
google,2
vegetable,7
block,0
clomiphene,0
hemochromatosis,0
oxygen,5
reward,5
nonspecific,5
consumer,4
attempt,5
regimen,1
effectiveness,1
washington,3
harm,0
initially,4
fatty,0
variable,1
pre,2
relatively,1
optional,0
particular,2
entity,4
testes,0
view,3
importance,2
replace,1
consist,1
complicated,4
unfavourable,0
concerned,4
definitive,2
capsule,1
attend,1
world,3
attach,1
calcium,2
personalize,3
thoughtfully,1
intensity,5
scrotum,0
touch,1
definitely,4
white,7
slight,1
prevalence,2
enlarged,0
challenging,2
nasir,2
luteinise,0
preparations.421,1
spend,4
ed)will,5
unlikely,0
instance,0
getting,4
spermatogenesis,1
assessment,2
willingness,1
tie,5
exacerbated,2
device,1
rebalancing,1
vascular,3
hospital,3
website,3
happy,4
division,3
compound,1
transfer,1
location,3
hypothyroidism,0
action,5
set,1
discussion,1
national,3
dosing,1
irregular,0
intense,0
surround,3
canadian,2
forward,4
hypergonadotropic,0
safety.30,1
flood,0
sedentary,5
dedicate,3
depressive,5
utah,3
educate,3
fashion,2
sort,4
recognise,1
obviously,4
walk,4
quiz,5
invasive,1
definition,2
commitment,1
prostatic,0
stick,1
i.e.,2
click,3
expectation,5
course,2
amory,4
decent,4
specialized,3
height,5
contrast,0
butt,4
documentation,2
abnormally,0
accept,4
states,2
temporary,0
adam,3
comment,0
immediately,1
comfort,1
startedinjectable,1
diminished,5
increasingly,4
cmp,0
propionate,1
conclude,2
audio,3
reaction,1
slightly,2
baylor,3
british,3
discreet,1
absolute,2
mimic,0
afraid,4
environment,3
primarily,0
unable,0
inhibit,0
accidentally,1
transference,1
menstruation,0
cause(s,1
public,3
handpicke,3
sinai,3
counseling,5
relative,2
podcast,3
overlapping,2
complicate,2
disrupt,5
bph,0
misuse,0
million,0
therapist,4
methodology,2
behavior,5
dress,1
anawalt,6
enanthate,1
boron,7
clarity,5
certify,3
board,3
unequivocally,2
vascularity,1
future,3
accumulation,5
orthopedic,5
face,4
funk,4
causative,5
unclear,2
nonsmoker,5
overeating,0
resemblance,4
vigorous,7
discrepancy,2
bioavailable,0
slew,4
metabolization,1
percentile,2
dilemma,2
roman,4
dl).437,1
periodic,1
correctly,4
infrequent,1
couple,4
document,2
science,3
college,3
admission,2
nanogram,2
meta,2
androgenic,0
hinder,0
resistance,0
receptor,0
implant,1
thank,4
memory,5
platform,4
scientific,3
shoulder,1
clearly,2
headache,5
downside,4
recovery,1
stuff,4
overview,4
situation,4
dietary,7
brand,1
useful,1
united,2
write,3
resolve,5
haematocrit,0
hope,4
acquire,0
nose,1
oxytocin,1
enjoy,4
threshold,2
physically,5
social,3
indicator,5
fine,4
cite,6
wrong,4
warrant,2
intervention,2
appropriately,2
frequent,1
market,1
rectal,0
message,4
majority,4
beard,0
lung,0
assistant,3
atrophy,0
update,2
structure,0
technology,3
exposure,0
negatively,5
consumption,7
summary,2
opportunity,4
realize,4
depth,1
distribution,5
volume,2
preclude,2
bph.59,2
date,3
regain,5
obtain,1
dihydrotestosterone,0
clumping,1
nope,4
news,3
send,0
cortisol,0
transdermal,1
chorionic,0
never,4
messenger,0
aveed,1
smoking,7
deciliter,2
exactly,4
booster,4
ester,1
advertising,3
hiv,0
impersonation,4
internet,6
imbalance,0
society,6
table,2
serve,2
initiate,2
precursor,0
claim,3
interfere,0
consume,7
chance,5
maturing,0
pubic,0
connect,5
examine,2
clinically,2
muscular,5
away,1
index,2
subcutaneous,1
preparation,1
finally,4
incorporate,7
qualified,1
intake,7
semen,0
reliable,1
loh,2
diagnostic,2
aware,5
train,3
counsel,2
reevaluate,4
sudden,5
replenish,5
mission,3
cessation,0
conditional,2
muthigi,2
invite,3
unit,2
originally,3
demonstrate,1
ideal,1
dabaja,3
inadequate,0
inconsistent,2
analyze,2
inflammation,0
healthier,4
osterberg,5
unlike,0
pure,2
spurt,0
reteste,2
strategic,1
densitometry,0
commit,3
delay,0
barometer,2
huge,4
prepare,1
account,2
aged,5
analog,0
persist,5
headspace,4
injection).445,1
enlist,0
pronounce,5
disproportionally,4
select,1
aua,2
member,3
archive,2
count,0
search,2
average,2
signal,0
endocrinology,6
conversation,4
dht,0
interlink,0
simple,4
pharmacy,1
run,4
partner,4
attache,0
drink,7
association,2
struggle,4
vitamin,7
practitioner,2
super,4
wonder,4
international,6
track,8
attention,5
inside,1
ago,4
essentially,4
plenty,4
academic,3
lowering,4
comfortable,4
gut,4
word,4
certainly,4
recently,2
consistently,2
contested,7
retention,0
journal,6
adiposity,5
break,0
inappropriately,5
ultimately,7
infarction,2
myocardial,2
innovation,1
abuse,0
noon,0
separate,1
nutrient,7
spike,1
frequently,4
supply,1
fracture,5
adjustment.28,2
modification,1
mainly,0
transform,0
popular,4
|ꚛꚛꚛo,2
skimp,5
factual,1
guide,1
careful,1
psa,2
validate,2
preexist,2
breakdown,2
enroll,3
counter,4
brag,4
cleveland,3
institute,3
artery,2
finding,2
needle,1
insulin,0
initial,1
iron,0
success,4
eye,0
insight,2
regulation,5
thousand,3
mount,0
dad,4
reasonable,4
okay,4
premature,0
successful,4
company,4
circulate,0
chemical,0
suitable,1
welcome,4
state,2
relieve,5
m.d,3
register,3
absolutely,4
trauma,0
hypothalamic,0
failure,0
training,7
hyperplasia,0
cover,1
thigh,1
subject,2
etc,0
antigen,0
alopecia,0
ail,4
axis,0
deal,4
confirmed,2
minimize,4
standpoint,4
quit,7
impetus,2
cent,0
differently,1
inhibitor,0
regret,4
disadvantage,1
shrinkage,4
thoroughly,5
large,2
override,0
thirty,0
inability,5
https://themenshealthclinic.co.uk/microdosing-trt-the-future-of-testosterone-replacement-therapy/,6
considerably,2
troy,4
percent,2
email,3
space,4
absorption,1
nasal,1
opinion,4
undecanoate,1
encompass,3
department,3
digital,4
trip,3
relief,1
ratio,0
duration,2
percentage,2
mention,4
estimate,2
advanced,3
marker,5
single,4
telemedicine,1
caution,2
challenge,2
experienced,1
near,0
suspect,0
progress,1
basis,1
easily,1
line,4
highlight,2
advice,3
unfortunately,1
ascertain,2
versus,1
biological,5
slide,4
thickening,0
lessened,5
physiological,5
globulin,0
past,2
service,3
night,4
population,2
home,1
damage,0
malfunction,0
endocrine,6
kidney,0
surgical,0
depressed,5
flow,7
dangerous,4
recommended5,2
tom,4
opioid,0
whilst,0
secondly,4
specifically,2
purpose,2
baldness,0
somebody,4
prefer,1
journey,1
target,2
fog,5
multiple,1
dry,1
listen,4
rise,2
prescribed,1
minus,1
specialize,3
gynecomastia,0
cut,2
disagree,4
frustration,4
reliever,0
hematocrit,1
tumor,0
define,2
abnormal,0
steroid,0
infection,0
hey,4
bmi,2
consequence,5
u.s,3
lipid,0
slowly,1
physiology,6
vital,5
traditional,1
criterion,2
professor,3
worth,4
idea,4
clot,0
benign,0
previous,2
bear,0
screen,6
repeat,2
hear,4
connection,0
anabolic,0
preference,1
plus,1
wet,1
tool,2
enzyme,0
critical,5
figure,4
visit,3
shelf,7
fully,1
and/or,5
acne,0
program,3
family,4
measurement,2
urinary,0
lean,7
steele,4
interviewer,4
penis,1
medically,3
cure,4
reverse,5
thought,5
advise,2
insomnia,5
john,4
steady,1
share,3
completely,4
alertness,5
far,4
wide,1
engage,7
prioritize,7
obese,0
pet,1
spontaneous,5
proactive,5
swollen,5
tailor,1
stage,0
investigation,2
preserve,0
content,3
adequate,0
adulthood,0
agree,4
ameliorate,1
quickly,1
injectable,1
mitch,4
remove,1
request,3
untreated,0
polycythemia,1
value,2
|ꚛooo,2
applied,1
concluding,5
cost,1
state.434,2
design,2
err,4
let,4
insurance,1
decision,4
genetic,0
female,0
hold,1
placebo,2
properly,0
safely,1
outside,4
frequency,1
congenital,0
sensitivity,0
e.g.,2
feedback,0
igf-1,0
book,1
supplementation,1
habit,7
enter,4
tablet,1
typical,0
urological,2
deficient,2
elevate,0
effectively,1
pro,1
scripps.org,4
suppress,0
lethargic,4
henceforth,2
rebound,4
ease,5
excessive,0
kallmann,0
questionnaire,2
panel,2
screening,0
clear,5
procedure,1
half,4
sample,2
therapeutic,1
area,1
motivation,5
nutrition,7
detail,8
instead,5
fit,1
recognize,2
label,1
open,4
deep,5
adrenal,0
klinefelter,0
rest,5
irritation,1
gradual,5
mild,1
love,4
worry,5
proper,5
additionally,0
shrink,0
analyse,0
describe,2
return,1
external,3
expertise,3
devise,5
debate,4
recognition,5
con,1
site,1
fluctuate,0
monitoring,1
continue,1
link,3
hot,5
follicle,0
arm,1
paper,3
internal,3
approximately,2
cypionate,1
pretty,4
prove,4
closely,5
pay,4
enlarge,5
overtraine,0
additional,2
miss,4
cycle,5
rule,0
picture,4
stickler,4
peak,1
choice,1
fall,2
dwindle,2
prior,1
scott,4
tissue,0
estradiol,0
laboratory,2
build,5
contain,7
evaluation,2
clomid,4
extra,0
hand,1
customize,1
author,3
symptomatic,2
trigger,0
complication,0
intramuscular,1
mineral,5
interested,2
inform,2
formation,0
carefully,1
underlie,0
builder,4
feeling,5
influence,5
yes,4
optimise,5
rotate,1
self,5
vitality,5
learn,3
bind,0
quantity,5
prolactin,0
easy,1
rate,2
period,5
surgery,3
estrogen,0
explore,3
illness,0
understanding,2
characteristic,0
remain,2
exist,2
convenient,1
application,1
hotaling,4
ovulate,4
combination,5
office,3
soon,4
hemoglobin,2
small,1
hormones-,0
regularly,1
physicians,2
averse,1
guy,4
notice,5
similar,1
usually,1
anemia,5
hour,1
individualized,1
hypogonadal,2
private,1
excess,0
major,2
obstructive,0
degree,2
wellbeing,5
reduction,5
aim,5
overweight,0
story,4
consistent,2
efficacy,1
close,1
alleviate,5
nearly,2
rare,0
adverse,2
attributable,5
human,0
researcher,2
cream,1
attack,2
severe,2
little,4
fsh,0
moderate,2
shbg,0
university,3
hcg,0
stable,1
baseline,2
limit,7
strategy,1
remember,5
endocrinologist,3
bolster,1
fail,2
gradually,5
guidance,1
beneficial,4
crucial,5
underlying,0
draw,2
overdraw,1
twice,1
consultation,1
troubling,5
delivery,1
main,3
essential,0
prevent,0
allow,1
release,0
yeah,4
oestrogen,0
bring,4
publish,6
metabolism,3
convert,0
hard,4
enclomiphene,1
aromatase,0
decade,2
quick,4
advertisement,0
manufactured,0
believe,4
food,7
fluctuation,1
non,1
group,2
person,4
pellet,1
reference,2
place,1
desire,5
product,1
mind,4
thorough,1
big,4
enlargement,0
aspect,5
sound,4
true,4
undergo,0
accurate,2
discriminatory,2
compare,2
orthinne,0
management,6
short,1
interest,3
tend,4
adjustment,1
personal,3
list,3
currently,1
consult,3
candidate,2
alcohol,0
alkylated,2
clinician,2
real,4
helpful,4
fix,4
ready,4
report,2
urology,3
solution,1
oestradiol,0
literature,2
profile,1
despite,2
conduct,2
matter,4
bit,4
speak,4
concentrate,5
composition,5
routine,1
administer,1
access,6
supplement,7
diet,7
turn,4
establish,2
weak,2
emotional,5
anxiety,5
tired,4
explain,4
trouble,5
congestive,2
encourage,3
source,7
fda,1
adjust,2
number,4
energised,5
end,4
happen,4
difficulty,5
difference,4
reason,4
balanced,7
act,1
standard,2
middle,4
recent,2
chemotherapy,0
response,5
carry,1
direct,1
flash,5
choose,1
grade,2
identify,2
disorder,0
datum,2
child,0
refer,3
grow,4
androgen,0
metabolic,0
irritability,5
pain,1
probably,4
exam,0
respond,1
active,0
addition,5
negative,0
difficult,4
serum,2
bloodstream,1
optimize,1
absorbed,1
young,5
utlized,0
patch,1
thyroid,0
order,1
practice,6
liver,0
topical,1
significantly,2
andropause,5
unique,1
meet,1
voice,0
formulation,1
point,4
correct,1
sugar,7
center,3
dose,1
hypothalamus,0
daily,1
performance,5
address,3
american,2
expect,5
ongoing,1
later,0
worsen,5
wellness,3
uncover,5
determine,2
ensure,1
prepared,4
history,2
necessarily,4
sense,4
complete,2
simply,7
inject,1
promote,7
radiation,0
positive,5
luteinize,0
stimulating,0
osteoporosis,5
postmenopausal,5
growth,0
answer,4
eat,7
poor,5
present,2
cognitive,5
commonly,2
outcome,2
combine,1
swing,5
dosage,1
approve,1
schedule,3
strong,2
facial,5
secondary,0
signs.(moderate,2
play,5
gonadotropin,0
comprehensive,1
oral,1
contribute,0
topic,3
variety,4
concentration,2
morning,2
size,0
improvement,2
lab,1
slow,1
chronic,0
elevated,0
directly,1
red,0
evaluate,2
approach,3
achieve,1
administration,1
fast,1
particularly,7
decide,4
live,4
absorb,1
responsible,0
onset,6
bad,4
guideline,2
minute,1
puberty,0
relationship,5
exogenous,0
assess,2
scot,4
actually,4
regular,1
strength,5
mental,5
monitor,1
week,1
enhance,5
potentially,1
reach,1
event,2
stop,4
sure,4
want,4
fertility,0
prescription,1
appointment,3
defy,1
appear,2
pressure,5
syndrome,0
placebo.53,2
sperm,0
apnea,0
begin,0
psychological,5
safe,1
possible,2
online,6
apply,1
analysis,2
stimulate,0
ovary,0
system,3
lose,4
clinical,2
cell,0
skin,1
read,3
recommend,2
drop,4
available,6
ability,5
protein,7
add,7
protocol,1
testing,2
physician,3
hamper,0
development,0
new,3
goal,1
control,2
likely,2
receive,3
case,4
healthcare,3
necessary,1
article,3
create,1
generally,1
today,4
density,5
ask,4
adult,6
reproductive,0
stroke,2
team,3
support,3
halt,2
occur,0
testicular,0
type,0
plan,1
evidence,2
brain,0
confirm,1
information,3
infertility,0
able,4
accord,2
method,1
month,1
cardiovascular,2
urologist,4
review,6
deliver,1
maybe,4
stay,3
obesity,0
progressively,2
erection,5
drug,0
diabetes,0
smith,4
activity,5
regulate,0
appropriate,1
seek,4
recommendation,2
checker,4
fat,5
try,4
kind,4
trial,2
develop,0
current,2
safety,2
medicine,3
understand,4
injury,0
especially,0
lower,0
note,1
boost,7
perform,1
optimal,1
gain,5
specific,2
late,3
form,1
prescribe,1
suffer,5
statement,2
without,1
day,1
involve,1
professional,3
indicate,2
impact,2
pill,1
shrunken,0
gland,0
exercise,7
typically,1
raise,0
focus,5
fact,3
intricately,5
free,0
cancer,0
maintain,5
step,3
discuss,1
year,2
expert,3
base,1
sleep,5
require,1
general,3
restore,5
stress,5
breast,0
potential,0
early,5
concern,2
different,4
example,0
come,4
offer,1
specialist,3
depend,1
talk,4
injection,1
quality,5
menopause,5
key,5
depression,5
woman,0
weight,7
diagnosis,2
gel,1
research,3
hair,0
pituitary,0
people,4
testis,0
consider,2
diabete,0
overall,5
testicle,0
significant,2
sign,5
question,4
prostate,0
suggest,2
measure,2
vary,2
check,4
aging,5
right,4
avoid,1
follow,2
decline,5
feel,4
look,4
tell,4
work,4
associate,2
lot,4
lack,5
way,4
common,0
manage,5
individual,1
benefit,2
provide,1
think,4
role,5
hormonal,0
term,2
clinic,3
disease,0
effective,1
old,5
function,0
factor,5
haul,4
know,4
great,4
balance,1
primary,0
loss,5
total,2
naturally,0
mean,4
medication,1
physical,5
sex,5
contact,1
lead,0
issue,5
natural,0
storage,5
libido,5
study,2
thing,4
care,3
sexual,5
mass,5
treat,2
deficiency,2
bone,5
healthy,7
reduce,5
time,4
muscle,5
heart,2
process,1
range,2
produce,0
affect,0
decrease,5
certain,0
diagnose,2
fatigue,5
energy,5
option,1
improve,5
effect,1
mood,5
find,4
provider,1
start,4
normal,0
long,1
good,4
use,0
life,5
problem,0
hypogonadism,6
erectile,5
relate,2
risk,2
experience,5
dysfunction,5
production,0
body,5
doctor,4
test,0
lifestyle,5
change,5
age,5
therapy,2
like,4
increase,2
medical,3
result,2
male,6
high,0
help,4
condition,0
replacement,3
need,1
patient,2
important,4
drive,5
symptom,5
health,3
blood,0
hormone,0
include,0
cause,0
trt,1
not,4
treatment,1
man,2
level,0
low,5
testosterone,2
