node,cluster_leiden_r1.2
allan,6
mclachlin,6
jameson,6
groot,6
fate,0
squat,0
elsevi,6
kretser,6
saunder,6
incl,0
lipids,0
roaccutane,0
sunlight,0
bitch,5
tit,5
beginner,3
explainer,3
cue,0
mirror,0
cycling,3
resurface,3
advantageous,5
prematurely,5
cypinate,4
simply:-,4
dignify,5
ethically,5
circle,1
procreate,1
strange,1
fertilizer,0
shutdown,0
leaching,0
entitled,1
taker,1
grossly,0
immunity,0
pesticide,0
chasing,0
d’etre,1
junior,1
witness,1
niche,1
raison,1
earth,1
skill,1
disappointing,2
mimics,2
eureka,1
fullness,2
assumption,1
miracle,1
strapline,1
spectacular,1
additive,8
improperly,8
conception,0
unreasonable,0
constraint,0
feasible,0
unachievable,0
manager,3
pcm,3
aas,0
haematochromatosis,0
comb,1
mane,1
intracranial,0
chitchat,1
bubble,4
syringe,4
angle,4
destruction,0
bump,1
blvd,3
positas,3
las,3
stanfordhealthcare.org,3
technical,3
hostile,5
personality,5
jean,7
m.b.a,7
calcification,5
hopkin,5
exemestane,0
lazy,0
experiment,7
organize,7
interactive,7
invaluable,7
aetiology,0
panhypopituitarism,0
psychiatric,7
recruit,7
disruptor,7
allowance,8
rda,8
cmd,7
timothy,7
abbott,7
solvay,7
laboratories,7
proc,6
pubmed.ncbi.nlm.nih.gov/27313122/.,6
dubious,7
nearby,7
ag030644,7
u01,7
diego,7
minnesota,7
genotypically,0
phenotypically,0
puget,7
alabama,7
birmingham,7
feinberg,7
brigham,7
bilateral,0
albert,7
einstein,7
caveat,1
inherently,1
disseminate,3
handout,3
comforting,1
globe,5
c.p.t,7
r.d,7
trainer,7
blye,1
elyse,1
arthur,7
patrick,7
walsh,7
alive,9
ritual,9
gathering,9
demotivate,8
retired,8
plate,8
starch,8
serving,8
fulfill,1
oomph,1
dream,1
boyle,6
lyon,6
reframe,3
tradeoff,3
1improvement,5
2improved,5
3improved,5
4improved,5
5increased,5
authentically,3
undermine,3
6increase,5
sleuthing,3
dietician,3
tandem,3
companion,3
thickness,5
7improve,5
8improve,5
construct,1
sufficiency,1
9increase,5
excite,1
joyful,1
passionate,1
j.a,2
mendonça,2
frustrated,1
nagging,1
e2348692,2
pp.e2348692,2
almeida,2
ferreira,2
aboriginal,12
strait,12
islander,12
psychosis,8
schizophrenia,8
bulimia,8
khan,6
lucia,6
m.a,6
preston,6
s.e,6
torre,12
socialize,5
undiagnosed,5
g.r,6
bachelor,7
sheffield,7
fulfil,7
o’leary,6
socialization,1
untrue,1
scholarship,7
elizabethtown,7
t.g,6
travison,6
accusation,1
steer,1
hon,7
dps,7
bsc,7
p.1512268,6
frsa,7
mbcs,7
minstlm,7
mrsb,7
biotech,7
insensitive,0
insensitivity,0
40s-60s,5
60s-80s,5
imagen,7
drain,1
wrecked,1
organisation,12
accho,12
sectional,6
treating,5
wasting,5
grubhub,1
helping,3
netflix,1
cui,9
zhang,9
shen,9
gao,9
13a,7
parkview,7
toledo,7
undergrad,7
accredit,3
ukas,3
loyola,7
kadali,3
lalitha,3
chew,4
pouch,4
startedtestosterone,3
reconstruction,7
haven,7
stanton.honig@yale.edu,7
orchard,7
cornerstone,8
tweak,8
stew,8
juice,8
auaer,12
ucf,12
seared,8
embark,3
gently,3
software,12
upload,12
bake,8
precipitously,1
uniformly,1
infrastructure,12
garage,1
popup,1
blossom,1
counterproductive,8
sabotage,8
compatible,8
cook,8
allergic,8
taste,8
licensable,6
promotional,7
kindly,4
omit,4
sacrifice,8
keith,6
kprice@auanet.org,6
validity,6
eurycoma,8
longifolia,8
namesake,8
caffeine,8
pilz,8
cup,8
eurycomanone,8
ius,8
allude,8
asia,8
originating,8
confederacion,13
unabridged,13
americana,13
urologia,13
par,8
superfood,8
india,8
ayurveda,8
cau,13
algorithm,13
delicious,8
inversely,8
kurtz,6
landon,6
bruce,6
redmon,6
kelly,6
chiles,6
aphrodisiac,8
symbol,8
diameter,5
millimeter,5
cartoon,8
popeye,8
character,8
gout,8
purine,8
sterilize,8
mercury,8
deborah,6
lightner,6
martin,6
miner,6
hassan,6
automated,0
interplay,0
preservative,8
dea,3
inspection,3
murad,6
hello,1
microphone,1
presumably,8
yolk,8
predate,2
uneasy,2
monosaturate,8
virgin,8
moroccan,8
elizabeth,6
heartburn,1
omeprazole,1
platz,6
scd,6
mph,6
surprisingly,1
marc,5
unc,5
lakshmi,6
bioactive,0
load,0
ramanathan,6
gimmicky,5
untested,5
staple,8
sustainably,3
boast,8
lewis,6
executive,6
pressed,5
flank,5
vomiting,5
bimix,4
quadmix,4
hum,5
disintegrate,4
sauna,0
tub,0
whirlpool,0
troche,4
myers,12
writer,12
umiami,12
wyatt,12
nandrolone,4
stanozolol,4
oxandrolone,4
creativity,1
probe,1
goodrx,1
singlecare,1
backfire,1
candle,1
beer,8
laden,8
insult,8
mid-20,8
johnson,7
respectful,7
devote,2
establishment,2
dane,7
golf,2
grass,2
hyperestrogenemia,2
recurrence,2
mucosal,4
mucous,4
broadcast,3
pkg,3
categorization,0
conceptually,0
adequacy,2
categorizes,2
hse,4
ireland,4
homologous,0
lutenize,0
generalizable,2
andr.12770,6
doi:10.1111,6
eaa,6
jc.2018,6
diem,6
doi:10.3949,6
ccjm.91a.23064,6
doi:10.1056,6
nejmoa2215025,6
shumaker,6
exclusively,3
formally,3
excipient,4
permeator,4
anosmia,0
blindness,0
masturbation,9
receipt,9
al.4,2
millar,2
speculation,9
feldman,5
mid-,5
late-30s,5
nad,9
slang,9
finer,0
shorten,0
"+1,150%)—likely",9
terms—“secret,9
nexus,9
webinar,1
youtube,1
gso,4
shallower,4
kudo,1
pat,1
briefly,5
capability,5
corticotropin,0
testosterone.9,0
plug,1
suspend,4
coefficient,2
plague,2
precision.10,2
bathe,4
fortesta,4
soak,4
vogelxo,4
revitalize,9
unverified,9
speculative,9
jatenzo,4
tlando,4
lymph,4
graft,4
grafting,4
bless,1
overwhelmed,1
fda‐registered,3
lengthen,4
induration,0
palpable,0
stitch,4
bent,4
plication,4
evenly,9
uptick,9
harmonization,2
pathologist,2
appalachia,9
sera,2
chromatography,2
spectrometry,2
oklahoma,9
idaho,9
arkansa,9
wyoming,9
deformity,4
hourglass,4
curve,4
collagen,4
fasting,1
forecast,1
arizona,9
tennessee,9
degeneration,8
hasten,8
constrictive,4
cumbersome,4
altered,5
neglect,5
stature,5
accomplishment,5
election,9
presidential,9
contradict,2
pool,2
d.c,9
island,9
distinction,0
similarity,0
rhode,9
delaware,9
backseat,1
jog,1
empire,1
war,1
toyota,1
camry,1
intertwine,9
leaning,9
talent,1
jointed,1
reignite,9
customizable,9
application.228,4
enhancer,4
solubility,4
capogrosso,7
prof,7
sponsoring,6
yialamas,6
occlusive,4
washing,4
fold.415,4
men,4
survivorship,4
therapies.417,4
dysmorphophobia,4
hypoactive,4
cervix,10
sti,10
transgender,10
phimosis,10
culturally,5
resonate,5
stimulant,10
t.h,7
otc,10
hours.424,4
minutes.425,4
ethnicity,2
household,2
income,2
rural,3
suburban,3
mirroring,4
predefine,1
symptomology,1
aneurysm,0
aortic,0
smack,1
yearlong,1
dab,1
desai,7
sethi,7
uhealth,7
bioequivalence,4
values.428,4
brca,0
con’t,10
recording,1
noteworthy,4
rhythm.181,4
beef,8
poultry,8
skinless,8
berry,8
carrot,8
broccoli,8
maria,6
navy,8
lentil,8
behavioural,8
cbt,8
hpv,10
monkeypox,10
chickpeas,8
hays,7
taylor,7
oat,8
pneumococcal,10
shingle,10
minn,7
wheat,8
influenza,10
tetanus,10
glucagon,0
peptide-1,0
cereal,8
phytoestrogen,8
wine,8
robyn,3
zercher,3
fnp,3
pasta,8
snack,8
prep,10
prohylaxis,10
baton,9
ext,9
rouge,9
slidell,9
covington,9
tammany,9
parish,9
northshore,9
kenner,9
shiny,1
wipe,1
alvin,6
baptist,9
hwy,9
jefferson,9
(aspen,4
phenylpropionate,4
isocaproate,4
(bayer,4
brother,1
tall,1
avanafil,4
stendra,4
preexposure,10
professionally,3
unlimited,3
https://www.hormone.org/diseases-and-conditions/low-testosteronetestosterone-associate,6
https://www.hormone.org/your-health-and-hormones/glands-and-hormones-a-to-z/hormones/testosteronelow,6
patients.181,4
vesicle,4
pain.431,4
https://www.ncbi.nlm.nih.gov/pmc/articles/pmc6266690/,6
adhesive,4
muco,4
incisor,4
daily.432,4
integrate,3
specialties,3
gulf,3
nonprofit,3
alan,7
edith,7
wolff,7
chlamydia,10
gonorrhea,10
syphilis,10
hike,1
park,1
hop,1
italy,1
purgatorio,1
purgatory,1
restaurant,1
1gm,4
4ml,4
florence,1
dysmorphia/”bigorexia,10
hydration,4
levels.433,4
dysmorphic,10
felson,3
sabrina,3
audience,1
caverject,4
edex,4
phentolamine,4
oraverse,4
authentic,1
neapolitan,1
pizza,1
canine,4
hydrate,4
diving,1
underwater,1
photography,1
piggyback,1
semi,1
apart.432,4
downhill,1
hodis,6
ski,1
racing,1
palpitation,5
running,5
restlessness,5
nasopharyngitis,4
rhinorrhea,4
epistaxis,4
men.436,4
browser,1
html5,1
app,1
bolt,1
newly,1
hyperestrogenism,2
partially,2
nada,1
zip,1
telling,1
qualitatively,5
quantitatively,5
realistically,1
vague,1
concert,1
masse,0
fluoride,8
laryngologist,8
storm,1
subside,1
mini,1
fly,1
sheep,1
biomedical,1
states).440,4
undenaconate,4
discrimination,9
dnv,9
webmaster,9
pediatrician,11
shrug,11
individualization,4
loading,4
goserelin,0
triptorelin,0
biosynthesis,0
leuprolide,0
metoclopramide,0
psychoactive,0
lake,9
strengthening,8
unprocessed,8
benzyl,4
microemboli,4
benzoate,4
component.438,4
boxed,4
mitigation,4
scheduling,9
multisystem,0
prad,0
cough,4
duration.443,4
conservatively,4
hayes,6
https://thescoperadio.com,1
https://www.facebook.com/whocaresmenshealth,1
https://whocaresmenshealth.com,1
patches.182,4
reformulate,4
crystalline,4
hypoplasia,0
underdevelopment,0
evan,7
hadley,7
atlanta,3
profilesexplore,3
gupta,6
hackett,6
https://www.ncbi.nlm.nih.gov/books/nbk549843/,6
hearnshaw,3
pp.238,3
ltd,6
channel,4
ecchymose,4
headline,6
s.l,6
huo,14
scialli,14
a.r,14
mcgarvey,14
hill,14
tügertimur,14
hogenmiller,14
hirsch,14
a.i,14
fugh,14
berman,14
pp.42,6
gurney,6
enantate,4
inflate,4
rod,4
semirigid,4
glenn,6
virormone,4
(nordic,4
bendable,4
plos,14
p.e0162480,14
superficial,4
skin.449,4
merit,1
recheck,1
guasti,6
parede,6
juan,6
aquino,6
fernández,6
pp.557,6
ventura,6
verboon,6
dewitte,6
jacobs,6
thewissen,6
coagulant,4
hematoma,4
lankveld,6
shalender,6
https://www.ncbi.nlm.nih.gov/pmc/articles/pmc1476110/,6
polycthemia,4
neuroimage,6
rajfer,6
pp.855,6
magnetic,6
moserthroughout,7
sara,7
resonance,6
p=0.03).220,2
burnod,6
issac,6
paradi,6
bittoun,6
fare,7
glutron,6
pélégrini,6
moura,6
stoléru,6
"(ferring),gel",4
mg/5,4
jcem,6
discrete,3
packaging,3
https://www.ncbi.nlm.nih.gov/books/nbk513278/,6
butterfly,0
gabrielson,0
"events,363",2
"risk,233",2
risk.373,2
"analysis,372",2
testogel,4
"(besin),gel",4
durland,6
zito,6
panchatsharam,6
pp.349,6
eric,3
laborde,3
conferencing,3
overstate,1
irreversible,5
underutilise,5
abhinav,7
prevail,7
vol,6
handbook,5
tostran,4
"(prostrakan),gel",4
circulating,1
hospitalization,1
fruzzetti,5
p.100426,5
hazlett,5
kadono,6
mizokami,6
namiki,6
prod,0
trh,0
nohara,6
izumi,6
hospitalize,7
remained,7
iijima,6
kawaguchi,6
shigehara,6
barne,7
jewish,7
kato,6
https://www.ncbi.nlm.nih.gov/books/nbk534827/,6
er.2017,6
lesson,6
https://www.urologyhealth.org/urologic-conditions/low-testosterone,6
caban,6
factory,1
worker,1
p.98,6
dhindsa,7
sicker,7
autonomy,2
prescriber,2
breehl,6
pathophysiology,6
population‐base,6
pp.317,6
chung,6
multidose,4
dispenser,4
dennerstein,5
maggi,5
maturita,5
pp.46,5
haye,5
doi:10.1016,6
j.urology.2016.12.066,6
synder,6
calculated,2
p=0.02,2
erratum,2
fertile,2
withdrawal,2
rastrelli,5
dataset,2
gilbert,6
scrotal,4
askmayoexpert,6
extraneous,4
wax,4
hashimoto,0
thyroiditis,0
finkle,2
truven,2
"n=55,593",2
albeit,5
prn,5
summarise,5
flagging,5
convincing,1
huh,1
disappointed,1
unwaveringly,1
inordinate,5
unconscious,5
abbreviate,2
striking,2
religion,5
stereotype,5
affirm,1
girlfriend,1
massively,5
endothelial,2
chafing,1
marathon,1
aroused,5
habituation,5
stabilizer,2
cardioprotectant,2
mate,5
insignificant.366,2
"n=1,773",2
"n=1,261",2
biorepository,7
ict,7
or=1.54,2
copulate,5
novo,5
renewal,5
tremor,5
warm,5
stratification,2
n=13,2
animal,5
or=0.89,2
.in,5
homogenous,2
or=2.06,2
favor,2
unpublished,2
edwards,0
hudson,0
garbage,1
hardly,1
"muraleedharan,233",2
shore,2
baillargeon373,2
"deaths/1,000",2
p<0.0001,2
muraleedharan,2
stratify,2
n=581,2
intricacy,8
supraspinal,8
n=343,2
n=238,2
hr=2.02,2
p<0.01,2
compounded,4
tds,4
somatosensory,8
unbelievably,8
baillargeon,2
concede,2
hr=0.84,2
medicare,2
beneficiary,2
descent,0
vocal,0
confounder,2
naïve,2
concurrent,2
creamy,4
refrigerate,4
nighter,1
understate,1
friday,1
bayer,7
marius,7
https://www.ncbi.nlm.nih.gov/pubmed/25384570,6
invest,6
hypoallergenic,4
moisture,4
italian,6
proposal,2
provisional,2
scentless,4
empt,2
absorbent,4
moisturize,4
disperse,4
emulsion,4
aorta,0
atherosclerotic,0
variant,0
https://www.ncbi.nlm.nih.gov/pubmed/25523084,6
https://www.ncbi.nlm.nih.gov/pubmed/31496147,6
pharmacotherapy,6
mens,6
bandage,4
gauze,4
finish,4
2838ur,0
https://www.ncbi.nlm.nih.gov/pubmed/23482592,6
2021;15(5):e234,2
http://dx.doi.org/10.5489/cuaj.7252,2
dislike,4
peel,4
assoc,2
https://www.ncbi.nlm.nih.gov/pubmed/15638872,6
oxf,6
revert,6
leaf,7
proctor,7
locations13,9
locationswe,9
sawgrass,9
https://www.ncbi.nlm.nih.gov/pubmed/18270261,6
nonbound,6
b.a,6
mohr,6
differentially,6
https://www.ncbi.nlm.nih.gov/pubmed/30862651,0
registry,0
urotronic,7
nobel,7
synthesize,7
bettoocchi,2
pp.3,2
yassin,2
carvalho,2
eau;2025,2
enhancement,3
reluctance,3
scheme,2
condition.3,3
brockport,9
canandaigua,9
clara,9
barton,9
finger,4
spoon,4
noyes,9
cmaj.5,2
perpetual,2
dansville,9
east,9
geneseo,9
comorbidity,6
mmas,6
bioactivity,0
blockade,0
pointe,9
chris,1
inch,1
disinfect,4
elbow,4
mid-30s,10
virulence,10
biochemistry,2
interprovincial,2
seneca,9
wellsville,9
hornell,9
aurora,7
finite,7
lattimore,9
anschutz,7
colorado,7
g-100,9
emeritus,7
magazine,1
schwarzenegger,1
highland,9
equate,1
pop,1
foreign,0
particle,0
ethan,7
filter,6
ambulatory,9
launch,1
accumulate,0
vlcfa,0
md2,7
mohit,7
md3,7
md1,7
md4,7
jay,7
yonah,7
elmwood,9
md5,7
flawed,1
methodologically,1
grantmyre,7
md6,7
premal,7
profoundly,1
trivialise,1
phlebotomist,4
md7,7
richard,7
bebb,7
md8,7
fitzpatrick,7
md9,7
jeffrey,7
campbell,7
serge,7
abraham,7
md10,7
astella,7
msacl.org,7
md11,7
md12,7
sciex,7
dictionary,5
oxford,5
dian,7
synergistically,5
180pmol,2
issm,2
evidence).10,2
framework,2
working,2
content.5,2
summative,2
silva,6
specialised,6
n.l,6
papanikolaou,6
metuchen,7
grossmann,6
antonio,6
aplastic,0
myelodysplastic,0
quinton,6
b.d,6
pathogenesis,6
clarus,7
modulate,5
neurochemical,5
visuospatial,5
lancet,6
underscore,2
undiagnose,2
tasked,2
update.11,2
pp.761,6
spaziani,6
carlomagno,6
tarantino,6
angelini,6
vincenzi,6
gianfrilli,6
collate,2
submission,2
theme,2
propose,2
finalize,2
karkowsky,7
labs,7
felix,7
bovine,7
equine,7
mouse,7
rabbit,7
anderson,6
p.1184530,6
r.a,6
llahana,6
barth,6
j.h,6
mackenzie,6
wilke,6
sooriakumaran,6
investor,7
mhb,7
tomlinson,6
gonadatrophin,0
substandard,0
barber,6
pp.200,6
t.m,6
kyrou,6
kaltsas,6
insist,3
tab,3
randeva,6
grossman,6
a.b,6
h.s,6
weickert,6
m.o,6
nebraska,7
physic,7
lincoln,7
crystallography,13
inspect,13
unbelievable,13
p.8217,6
pairing,13
crystal,13
beiza,4
kristen,4
achievable,5
energize,5
awful,1
ride,1
crude,2
years.13,2
unrealistic,5
bombard,13
diffract,13
cypre,7
kathi,7
indian,6
shivakumar,6
nagaraju,6
microscope,13
defied,13
pp.180,6
affinity,0
bordal,9
popularly,9
pp.1151,6
saalu,6
l.c,6
osinubi,6
a.a,6
fable,6
lagos,6
@anaveciana,12
twitter,12
competition,0
anavecianasuarez.com,12
palm,12
herald,12
production.17,0
testable,0
elegant,12
intricate,12
renowned,12
suarez,12
ana,12
veciana,12
bullough,3
byron,3
misinformation,8
vegetarian,8
/memory,5
cognitive/,5
physical/,5
eager,5
kill,5
gasoline,0
pour,0
bug,11
smartwatch,11
reminder,11
presbyterian,9
shadyside,9
e236,5
tosterone,5
axillary,5
breakthrough,9
groundbreake,9
carswell,3
hormonal/,0
intrinsic,0
karolina,7
majorek,7
katarzyna,7
handing,7
przemyslaw,7
porebski,7
sandya,7
beeram,7
kyungah,7
suh,7
ashley,7
mindy,3
insurer,9
renowne,9
maryland,9
headquarter,9
woolfork,7
davisfor,5
josh,5
reputation,5
ivan,7
changer,3
refute,2
discontinuing,4
months).5,4
diminution,0
"pulsatility.18,19",0
shabalin,7
bettie,3
lauren,3
coralville,3
i-80,3
forth,3
northwest,3
pacific,3
premier,3
destination,3
meno,1
dribble,0
emptying,0
trim,5
waistline,5
bam,1
football,1
wham,1
retrospectively,1
ocean,9
punching,9
hocking,9
bedtime,0
sedative,0
gm117325,7
r01,7
gm117080,7
gm118619,7
outnumber,3
vastly,3
iatrogenic,0
kallman,0
hhsn272201200026c,7
nos,7
hhsn272201700060c,7
gasp,0
snort,0
louder,0
saliva,3
spit,3
aud,0
females,0
shady,3
tactic,3
catheterization,5
unblock,5
playlist,1
song,1
duca,6
https://my.clevelandclinic.org/health/diagnostics/24215-testosterone-test,6
condorelli,6
calogero,6
vignera,6
hardness,5
inventory,5
"score.13,20",5
intimidate,1
movement,1
brisk,1
jcm8050732,6
fade,4
roller,4
coaster,4
standardized,2
"td.6,9,25",2
academic/,2
bath,8
breathwork,8
mindfulness,8
treadmill,1
abdoman,4
timer,4
basson,6
wierman,6
reappraisal,6
arlt,6
pubmed.ncbi.nlm.nih.gov/25279570/.,6
pmc6571549,6
https://www.ncbi.nlm.nih.gov/pmc/articles/pmc6571549/,6
ferrucci,6
maggio,6
bandinelli,6
lauretani,6
acclimate,5
transient,5
chemaitilly,6
garibaldi,6
pubmed.ncbi.nlm.nih.gov/29562364/.,6
https://www.cdc.gov/labstandards/hs_standardization.html,2
spectrometry.26,2
ble,6
valenti,6
ershler,6
homa,7
warren,7
calibration,2
testosterone.27,2
guralnik,6
longo,6
j.beem.2010.11.004,6
pmc3073592,6
auxiliary,3
system(s,3
illustrative,3
apr23.doi,6
jun,6
pmc4168024,6
nihmsid,6
nihms627664,6
prasanth,6
surampudi,6
"md,1",6
dependant,2
"td.5,6",2
donohoue,6
hypofunction,6
1.publishe,6
bolus,1
shoot,1
impactful,2
structural/,2
lambert,6
swj,6
milman,6
bartke,6
men5,2
relie,2
aleksic,6
maximizing,5
tmt,5
pract,6
"md,2",6
andre,6
wittert,6
araujo,6
pmc4650468,6
gladly,3
toll,3
asap,3
havoc,3
wreak,3
potentwavetm,11
shottm,11
arch,6
intern,6
archinte.166.13.1380,6
crisp,8
instant,8
pmc2645631,6
682x.143317,6
potentshottm,11
wavetm,11
pshot,11
reuptake,0
ssris,0
ejaculatory,0
lacking,0
https://www.ncbi.nlm.nih.gov/pmc/articles/pmc2645631/,6
androl,6
spearhead,5
wood,5
compliment,0
e238,0
"conditions.5,7",0
coward,6
collateral,0
scarring,0
addiction,0
buff,5
steep,5
carson,6
feb;9(2):249,6
laksham,6
ronde,6
culley,6
versa,8
vice,8
https://medlineplus.gov/ency/patientinstructions/000722.htm,9
https://www.upmc.com/health-library/article?hwid=abo6506&locale=en-us,9
jame,6
mcbride,6
blemish,11
dull,11
wrinkle,11
months.77,5
upwards,5
burlington,6
https://www.endocrine.org/patient-engagement/endocrine-library/hormones-and-endocrine-function/reproductive-hormones,6
corporation,6
america(r,6
holding,6
pmc4074000,6
negativity,3
positivity,3
ajpregu.00360.2012,6
r958,6
christina,6
https://www.labcorp.com/tests/004226/testosterone-total,6
r951,6
comp,6
nurture,3
icd9,3
justify,3
cpt,3
necessity,3
regul,6
integr,6
c1995,6
tgrp,6
interpretive,6
juncos,6
physiol,6
mds,3
pas,3
reckelhoff,6
and/,2
rationalize,2
"treatment.7,27,31",2
calculation,2
luis,6
"md‡†,3",6
jane,6
ruisheng,6
jeuveau,11
microneedle,11
carbon,0
dioxide,0
liu,6
maranon,6
therapie,11
treatments.regenerative,11
rodrigo,6
https://www.mayomedicallaboratories.com/test-catalog/clinical+and+interpretive/8508,6
chandrashekar,6
addressing,8
coaching,8
ruiz,6
kiran,6
leadership,3
transparent,3
engine,1
tank,1
gas,1
junk,8
refine,8
kinetic,0
therapy.75,0
actuator,4
tans,4
quarter,1
screened,1
predisposed,0
sensitise,0
lopez,6
prolotherapie,11
prolozone,11
arnaldo,6
may;43(2):185,6
e239,4
withnosymptom,2
andrea,6
soljancic,6
accordance,2
recommendation).75,2
12nmol,2
stringent,2
https://www.auanet.org/guidelines-and-quality/guidelines/testosterone-deficiency-guideline,6
linthicum,6
testing.com,6
onecare,6
j.ucl.2016.01.004,6
antibiotic,0
azelaic,0
reperfusion,6
ischemia,6
pmc3081396,6
skincare,0
soap,0
ether,0
benefit.6,2
concurrently,2
lauryl,0
sle,0
https://www.testing.com/tests/testosterone/,7
womenshealth.gov,7
j.yhbeh.2011.01.009,6
crown,0
widen,0
shaped,0
forehead,0
nicotine,4
trickle,4
daunt,3
firsthand,3
rodriguez,6
wisdom,6
letrozole,0
testolactone,0
crank,0
mentor,0
karlye,6
prince,6
apprehensive,4
audible,4
beast,1
gascon,1
perpetuate,8
pornography,8
rethink,8
viewing,8
mushroom,8
engelman,6
tyler,6
ontreatment,3
testosteroneto,3
"potential.37,38",3
coneeny,6
shannon,6
manliness,5
technically,5
kettle,4
painless,4
conceiving,3
monitored,3
subfertility,0
daviau,6
meagan,6
dehydrate,1
incessantly,1
brush,8
blanket,2
overtreat,2
vomit,1
lester,7
sue,7
julie,7
spritzer,6
drip,1
combined,3
proudly,3
professionalism,3
superior,3
concerningly,4
levels.41,4
indeterminant,4
pmc4154787,6
neonatal,7
neuropsychiatric,0
gestational,0
integrated,3
med.0000000000000086,6
obe,6
diabetes.wang,6
jackson,6
deadline,1
newlywed,1
eld,7
stanford,7
potency,3
purity,3
curr,6
carolina,7
clock,7
eje-11,6
pmc3188848,6
abdulmage,6
nov;165(5):675,6
gooren,6
saad,6
zafalon,6
facs,3
marshall,3
pmc4744737,6
startedsource,6
oby.21092,6
downregulation,0
unsustainable,0
historical,2
teaching,2
biology,2
spring,6
fella,5
frisky,5
hypersensitivity,2
include:5,2
yang,3
yin,3
prudent,2
reset,0
rewarding,0
bicker,1
kiss,1
wink,1
alert,1
spoiler,1
mojo,1
christopher,3
runz,3
ong,6
ken,6
therapy.5,2
nehra,6
g.diabetes,6
yoav,6
ben‐shlomo,6
kuh,6
bodybuilde,1
nonmedical,1
localize,2
mortality.56,2
cumbria,9
violence,9
charity,9
workington,9
muniz,6
diana,6
fecal,10
guaiac,10
occult,10
immunochemical,10
necessitate,2
skew,2
graciela,6
dopaminergic,0
serotonergic,0
rebecca,6
hardy,6
gfobt,10
adams,6
stool,10
sdna,10
targeted,10
judith,6
placebo.29,2
rtcs,2
lashen,6
imagine,0
seesaw,0
excitatory,0
cloud,5
pharmacology,5
volume.61,2
keevil,6
hany,6
colonoscopy,10
colonography,10
void,2
genius,5
cash,1
obscene,1
brian,6
sigmoidoscopy,10
fsig,10
dc10,6
facility,1
bann,6
bust,1
edition,1
detrusor,2
"function.59,60,62,63",2
pleasant,0
unintended,0
a1c,2
deceased,2
amygdala,0
aversion,0
mortality.67,2
bradley,0
whack,0
fuzz,0
tuft,0
frontal,0
striatum,0
thalamus,0
hippocampus,0
cerebellum,0
critter,1
microbiome,1
charming,0
e241,2
sig-,2
"death.70,71",2
methodological,2
nificant,2
gastroenterologist,10
digest,5
evolutionarily,5
jul;34(7):1669,6
dirty,1
steroidal,1
"events.72,73",2
garner,2
sardine,8
loosely,0
pleasanton,3
propensity,2
weighting,2
latanoprost,0
prostaglandin,0
ste,3
behav,6
horm,6
rationale,5
ray,13
misunderstand,12
pfs,12
ncic,9
position,4
eisenberg,7
landing,9
reimbursement,3
iodine,0
jar,4
plunger,4
agonist,0
gram,8
https://www.endocrine.org/patient-engagement/endocrine-library/hypogonadism,6
jan,6
cancerous,10
polyp,10
dead,1
rechecke,1
sachet,4
dehydration,2
versabase,4
gip,0
glp-1,0
proceed,7
residency,7
extrusion,4
regulated,0
eyebrow,5
dear,1
midwest,1
duplication,7
inc,7
helped,0
shgb,0
pomegranate,8
snoring,0
activation,9
wildly,9
bipolar,8
uptake,4
miami,12
nitric,11
oxide,11
second,4
journalist,12
associated,4
livery,4
calgary,7
dalhousie,7
halifax,7
winnipeg,7
pfizer,7
comorbid,2
reassessment,0
manitoba,7
curvature,4
disclosure,2
remuneration,2
clever,3
tinker,1
prediman,7
shah,7
khurram,7
methodist,7
exceptionally,2
doi:10.1210,6
project,7
reuse,4
sleeping,1
fragile,5
pertinent,0
inadvertent,4
transmission,4
chemically,0
placenta,0
inactivity,5
subtler,2
strategy.420,4
substitution,6
manuscript,6
complementary,7
rheumatic,7
axiron,4
custom,4
grapple,3
indicative,0
frontier,6
frailty,5
rat,6
ice,8
precede,5
salonia,2
aleksandr,7
belakovskiy,7
resident,3
freely,0
stat,1
split,1
manageable,3
gelatinous,4
microporous,4
encounter,5
mar,6
december,6
mba,7
uab,7
messaging,8
productivity,8
principal,7
membrane,4
ehrmann,6
legro,6
wei,6
constricted,11
weakened,5
https://www.ncbi.nlm.nih.gov/pubmed/28434676,6
pencina,6
k.m,6
adjudicate,2
definite,2
abbreviation,2
disclaimer,9
cosmetic,11
mixture,4
coarse,0
sideburn,0
lincoff,6
clog,0
isidori,6
moisturizing,4
experimental,1
investigational,7
versatile,8
https://www.clinicalkey.com,6
bar,1
stretch,4
lip,4
raymond,3
turley,3
jayasena,6
c.n,6
emboli,2
numerical,2
moustache,0
discreetly,3
systemic,4
variably,4
dairy,8
equipment,2
revolutionary,3
confidential,3
ship,3
bleeding,4
hidden,1
eaif,1
terrible,1
hydro,4
solubilize,4
peripheral,2
utilisation,5
habitus,5
pore,6
france,6
basaria,6
announce,2
box,2
actuality,0
polygenic,0
pharmacother,6
eugonadal,2
testosterone.5,2
overnight,5
recalibrate,5
buckle,4
agency,2
drugmaker,2
sleeve,4
teenager,0
independently,2
liability,7
11division,7
mcgill,7
ontario,7
london,7
montreal,7
concentrated,9
predominately,5
dressing,4
collaboratively,3
exciting,3
10division,7
redness,4
dilate,11
12department,7
pile,1
weekend,1
matrix,4
landmark,7
osteopenia,0
aga,0
androgenetic,0
equally,2
uncertainty,2
breastfeed,0
adjunct,0
recombinant,0
deter,3
lived,3
minhas,6
soften,4
bot,12
chapter,12
blah,1
bunch,1
misdiagnosis,2
unnecessary,2
f.c,6
endorsement,7
jam,5
musculature,5
diarrhea,0
grave,0
coolidge,6
melish,0
coffee,8
celebrity,7
noncancerous,0
repeatedly,0
indulge,8
lateral,4
wall,5
responsive,7
appetite,5
california,7
northwestern,7
emily,6
"life.5,12",2
widespread,2
harbor,7
ryan,7
walloping,1
interchangeably,2
signify,2
heating,0
thermostat,0
hypothalmus,0
boiler,0
comply,3
ungrade,3
adherence,2
"recommendation).5,6",2
saint,7
epub,6
dementia,5
immensely,5
evoke,5
loud,0
speech,5
survivor,7
subsequently,5
normalisation,8
resume,3
translational,7
geriatric,7
pittsburgh,7
deduplication,2
title,10
50s+,0
distribute,9
alarming,5
smoker,8
hage,7
colorful,8
eggs,8
seafood,8
elderly,7
700s,1
roof,1
drug.430,4
expose,4
glass,8
childbirth,0
otolaryngology,0
discount,1
anxious,5
pastry,8
sweeten,8
outlandish,3
stake,7
enlarging,0
descend,0
risky,8
declaration,4
hazard,5
focused,1
vibrator,1
heartbeat,5
fried,8
meat,8
handle,3
precision,2
integrity,3
eugster,6
haddad,6
jul,6
neural,8
sympathetic,8
virility,8
multicenter,4
sigh,4
gainswave,11
yep,1
wladek,7
clevelandclinic.org/loveyourheartpodcast,1
heart@ccf.org,1
exclusive,5
unsettling,5
balding,0
recede,0
hairline,0
degroot,6
derive,2
priori,2
certification,3
graduate,7
grip,2
hypercholesterolemia,2
pleased,1
observed,4
hygiene,10
predictor,2
cardiometabolic,2
tracker,1
d.c.—has,9
regional,9
marked,3
aka,9
paralimbic,9
interestingly,9
deactivation,4
enforce,2
reflective,2
inferiority,2
silicone,4
offering,3
privately,3
mediterranean,8
plant,8
salmon,8
manly,1
commencing,3
formal,3
pen,4
scientifically,1
scanning,0
leverage,2
representative,2
furthermore,2
societal,5
melatonin,8
nightly,8
campus,7
usa,7
msc,6
material,2
pooled,2
hand-,4
hollow,4
inflatable,4
prosthetic,4
award,7
mountain,9
openly,1
visibly,1
bend,4
elder,0
hematology,0
hospice,0
prominent,1
truth,8
discontinuation,5
daniel,7
deny,1
lee,7
depo,4
xyosted,4
straighten,4
upward,4
intra,2
operator,2
foundational,8
passive,1
ambiguous,0
underdeveloped,0
carbohydrate,8
smoother,1
mbchb,7
transformative,3
trusted,3
microprocessor,0
patel,7
holmes,7
appraisal,6
rigorous,6
rigorously,2
nestle,7
advisory,7
contaminate,1
strike,1
endure,3
shorter,4
monograph,4
delatestryl,4
andriol,4
cavity,4
puttylike,4
hypothyroid,1
concierge,3
chip,8
anesthetic,5
sensation,5
biochemically,0
confuse,0
stigma,5
justin,3
saya,3
nicole,7
predominant,7
continually,3
binge,8
grapeseed,4
behavioral,5
instruct,5
apology,1
incorrectly,1
krakowsky,7
aldosterone,0
addison,0
identical,2
hypoparathyroidism,0
synthesise,0
gynecological,0
botox,11
jeauveau,11
microneedling,11
depotestosterone,4
onboarde,3
secure,3
horny,1
tinkering,1
crazy,1
disappear,1
parathyroid,0
downstream,5
gaba,5
blunting,5
pause,0
cac,2
guesswork,2
preparations.441,4
fundamentally,0
comparative,4
ecdysterone,8
nitrate,4
kryptonite,1
superman,1
medicated,4
muse,4
sermorelin,3
gather,4
incentive,12
tough,1
downplay,1
english,3
coloplast,7
differentiation,0
dismiss,5
dutasteride,0
mesotherapy,0
observation,1
elasticity,5
summarize,4
"therapy.28,29",5
biliary,0
pancreatic,0
thrombosis,2
cautiously,2
fire,4
flammable,4
hobby,1
impart,2
inherent,2
confusion,2
generalize,2
vote,9
virginia,9
snowie,4
unsure,5
healing,3
resilient,8
better,1
copay,1
creation,2
solicit,2
metropolitan,9
deodorant,4
dispense,4
opening,4
twist,4
geography,2
ball,4
fad,1
lifetime,1
philosophy,1
retrospect,1
podcaster,5
dial,4
topi,4
interdisciplinary,7
overtax,7
longstanding,3
theory,6
credential,3
robotic,7
vinci,7
pharmacological,6
imitate,0
voter,9
motion,0
motivate,0
oregon,3
portland,3
4636(4men,9
leafy,8
dynamic,4
marketplace,4
unfavorable,7
surgeon,7
criteria.411,2
medlineplus,9
jealous,1
whatnot,1
indirectly,0
utilization,0
merely,7
neighbor,1
obligate,1
biologic,6
equip,3
epo,0
erythropoietin,0
sculpt,5
simultaneously,5
pivotal,5
reserve,7
lifting,8
sizeable,3
predictability,3
motional,1
weird,1
contraindicate,0
inhibition,0
lifeblood,3
miserable,1
reliance,5
multitude,0
evolution,9
clue,7
ramification,7
louisiana,9
rip,1
alexandria,7
brown,8
exhaustion,5
asymptomatic,2
2023a,5
nov,5
gumline,4
deleterious,2
resultant,2
intermittent,5
panic,0
street,9
premise,1
transformation,1
periodically,2
clevelandclinic.org/cardiacconsultpodcast,1
chicken,8
coverage,3
tolerability,3
trace,4
unwashe,4
prize,7
exertion,5
faced,5
brilliant,1
panacea,1
lengthy,3
restrictive,3
smsna,7
press,7
syrinx,4
defer,3
gps,3
enjoyable,5
vibrant,5
thick,5
extract,2
methodologist,2
rubber,4
preventable,1
sight,1
unintentional,1
proprietary,4
straight,1
creatinine,0
gamma,0
bilirubin,0
glutamyltransferase,0
nocturia,0
urinate,0
climacteric,14
pp.15,14
thoughtful,3
elastic,4
slip,1
alkaline,0
description,3
glomerular,0
river,9
filtration,0
amp,4
brito,6
healthdirect,3
victoria,3
fixate,3
mucosa,4
summer,1
famous,8
angina,0
blocker,0
believer,3
ethos,3
appreciative,1
prader,0
willi,0
pine,14
insertion.446,4
flexible,10
disclose,1
aspartate,0
urgency,0
firmness,4
urethral,4
balk,1
institutional,4
therapeutic.446,2
northeast,1
alanine,0
aminotransferase,0
phosphatase,0
bibliography/,2
bedroom,8
feed,0
deaf,1
theoretically,2
ecchymosis,4
francisco,7
virtually,7
bmis,5
relation,5
interaction,5
español,13
bank,9
resilience,8
pubme,6
campaign,9
array,5
enhanced,5
geme,6
moderation,8
sexuality,6
annually,10
metal,8
interrelationship,5
unrelated,3
calendar,8
medial,3
lady,1
copper,8
throttle,8
chloride,0
genitourinary,0
throat,0
manmade,0
frederick,6
cow,1
concertation,8
motility,8
remind,1
vendor,2
converting,0
nipple,0
kliegman,6
hate,1
intuitively,1
consequently,0
subfertile,0
equilibrium,2
oncology,0
transplantation,0
pruritus,4
strictly,7
cluster,5
phrase,5
a&e,9
hub,9
blum,6
customer,2
overwhelmingly,2
random,2
satisfied,2
zitti,1
winter,9
dense,8
proportional,8
city,9
dl.436,2
specify,2
anaphylactic,4
anaphylaxis,4
iodothyronine,0
sarcopenia,5
deposit,5
lightheadedness,5
apigenin,8
quercetin,8
flavonoid,8
hopeful,1
tonsil,0
offset,1
toxic,0
horizon,1
surprise,9
suppository,4
alprostadil,4
worldwide,8
metros,3
ashwagandha,8
suck,1
mill,1
subpar,1
tri,0
fish,8
bacterial,0
viral,0
asmh,10
tongue,4
rage,9
beginning,3
cuff,3
photo,3
chat,3
pricing,3
pan,8
sale,3
guilt,5
hopelessness,5
afterthought,1
busy,1
noninvasive,11
clarify,7
segue,1
conventional,5
underestimate,5
swap,8
settle,7
engineer,1
microsurgery,3
newsroom,9
transparency,9
map,9
capable,1
jack,1
honestly,1
objectively,1
myotonic,0
dystrophy,0
flag,0
belief,5
mistaken,5
abstract,6
rekindling,5
canary,5
coal,5
collection,5
sick,6
falsely,1
unavoidable,1
nourish,8
cultivate,8
maximal,4
men.438,4
proxy,2
coughing,4
assistive,4
sharpen,5
specificity,5
bundle,3
starter,3
aversa,6
ban,4
remote,3
remotely,3
cyp3a4,0
confidently,5
hesitation,5
personalised,3
premium,3
determinant,10
"described.446,447",4
rita,3
24emory,3
emory,3
kaminetsky,4
months.447,4
sather,3
finder,0
karyotype,0
calculator,5
overestimate,5
flip,8
fortify,8
extensively,3
peer,3
partly,0
dan,3
minutes.438,4
displacement,4
editor,9
dissolve,4
adhere,4
al.446,4
flatten,5
cad,5
death.64,2
dyslipidemia,2
adjusted).446,4
altitude,0
effects:-,0
polycythaemia,5
registered,3
exert,0
gerontology,7
surrounding,5
foretell,5
nicolas,7
adenomas,0
craniopharyngioma,0
girl,0
menstruate,0
hoop,3
jump,3
joseph,7
interrelated,3
lifesave,3
https://www.uptodate.com/contents/search,6
ache,5
stiffness,5
constipation,5
perseverance,4
1688%—a,3
fold,3
hypothalamicpituitary,0
levels.6,2
dinner,8
discharge,0
milky,0
metered,4
impairment,5
leproult,7
rachel,7
generous,7
wane,4
angiography,2
tag,12
michelle,12
rapport,1
asynchronous,1
diwan,7
linger,7
intelligence,12
"changes.5,16",5
commences.2,2
"deficient,2",2
kovler,7
laugh,1
christian,6
tea,8
deserve,3
crack,1
burns,7
terminally,7
beach,12
generative,12
anomaly,7
craniofacial,7
mateusz,7
angry,5
outburst,5
constitutional,0
skeletal,0
gary,6
ashkenazi,2
jews,2
immunology,7
bulge,5
adipose,0
"tissue.44,45",0
transmittable,0
uti,0
misunderstood,3
seldom,3
budget,3
dryness,0
vaginal,0
outlook,1
prognosis,0
levothyroxine,5
underactive,5
extremity,0
temporarily,0
stone,3
blair,7
oyetewa,7
unexpected,13
systematically,2
radiology,0
compromise,8
deprive,8
sponge,9
sublingual,11
bloat,5
script,5
kumar,0
nursing,0
holahan,7
tolerable,8
embolism,0
lodge,0
uchicago,7
legume,8
distressing,1
indoor,1
fatiguability,5
randomization,2
classify,2
"lh).5,6,12",0
efficient,4
tremendously,4
pelvis,0
cited,7
subclinical,0
fellow,7
rhythmical,4
gomez,5
satisfy,3
century,1
fountain,1
fenugreek,8
donor,4
jury,12
elixir,1
scopus,2
vocabulary,2
teenage,0
dearborn,3
detroit,3
gastroenterology,12
"steroids.42,43",4
paternal,7
organic,0
prohibit,12
dermatologist,7
prophylactic,0
uncompromised,3
abundant,8
cocoa,8
czub,7
venkataramany,7
dish,8
swallow,4
trail,4
learning,6
lure,1
triiodothyronine,0
inexpensive,1
perth,7
infographic,1
november,1
hypo,0
oversee,3
legally,3
breakup,1
rough,5
study.29,2
bail,1
hassle,1
freedom,3
prohibitively,3
nationwide,3
vitaility,3
attitude,8
20s-30s,3
hormones,3
physiologically,1
reintroduction,4
ethnic,2
geographic,2
speculate,7
susceptible,0
prostatectomy,2
radical,8
detach,4
swimming,4
akhil,7
employ,9
eater,1
intuitive,1
vanity,1
nocturnal,5
endorphin,1
genitalia,1
totally,1
antifungal,0
thyrotropin,0
inbody,3
ophthalmology,7
employee,5
barat,7
thrilled,7
emasculating,1
contributor,12
benchmark,3
scanner,3
deteriorate,5
tour,1
breakfast,8
holy,1
undergraduate,7
unveil,7
data,0
ebb,0
match,4
nosebleed,4
bennett,7
booming,1
rush,1
vigen,2
inexperienced,4
infrequently,4
zit,4
sears,1
singpiel,1
floor,9
tongkat,8
september,3
hepatitis,10
pome,4
doc,1
cheek,4
spouse,1
hopefully,1
olive,8
committee,2
pgc,7
organization,6
pack,4
nurse,3
cochrane,2
kilogram,1
siri,1
vasectomy,3
indexed,2
ovid,2
facebook,1
icon,1
republican,9
acid,0
relaxed,3
ucla,7
acerus,7
crash,1
artificial,12
intranasal,4
robertson,6
adolescent,7
narrow,5
progression,2
county,3
pcv,2
embryo,7
garcia,7
south,9
bound,0
magnesium,8
kian,7
usc,7
biotin,0
sulphate,0
chocolate,8
paladin,7
stimulus,6
salad,8
bruising,4
lightheaded,4
surprised,1
nation,9
ncbi.nlm.nih.gov,6
avocado,8
disruption,5
flavor,8
sauté,8
officially,2
dessert,8
jones,9
shop,1
town,1
neutral,2
pmc,6
digestion,0
temperature,0
infiltrative,0
keck,7
mary,7
stevens,5
force,2
mulhall,6
trost,6
reviewer,3
fear,1
problematic,2
outpatient,9
monocyte,0
neutrophil,0
lymphocyte,0
allicin,11
semaglutide,3
tirzepatide,3
student,7
property,11
basophil,0
striant,4
eosinophil,0
explanation,9
healthful,3
complain,1
notion,7
covid,10
vaccine,10
surveillance,2
perimenopause,3
neck,0
mobility,0
unaddresse,0
york,9
selenium,8
display,3
trt.â,3
assistance,3
inquiry,3
rice,8
bread,8
peter,6
joke,1
cloudy,5
law,1
march,6
clotting,0
thicken,0
confirmation,2
counterintuitive,2
traish,6
statin,10
aspirin,10
ankle,0
fortunately,0
zitzmann,6
profound,3
continuously,4
messy,4
15nmol,3
legitimate,3
sustanon,4
auchus,6
ronald,6
metabolite,0
equivocal,2
kopp,6
rosen,6
dialysis,2
lay,1
promptly,3
lunch,8
metab,6
confound,2
goldfine,6
art,7
august,6
october,6
opin,6
damaging,5
eur,6
nut,8
output,0
unsatisfactory,0
hydroxylase,0
partial,0
availability,3
outpace,3
window,4
agreement,2
edge,3
suitability,4
bidirectional,0
mechanistically,0
aromatization,0
worthwhile,3
consent,3
bean,8
automatically,5
unlock,3
intact,5
permanently,3
lipoderm,4
fig,0
pulsatile,0
familiar,1
urination,0
contrary,8
isolate,0
merkle,0
disciplinary,7
urmc,7
span,6
dental,7
supraphysiological,0
wire,8
impaired,0
infer,0
ed).52,2
phosphodiesterase,2
voiding,5
resolution,6
altogether,12
complimentary,3
frame,5
preferred,4
wonderful,7
manifestation,2
dna,10
excessively,8
bespoke,3
control=,3
textbook,6
confusing,5
mellitus,0
threaten,4
nebido,4
boil,8
blockage,4
viscosity,4
thromboembolic,2
upset,0
glycemic,2
azoospermia,0
venesection,0
interpreter,9
valet,9
membership,7
global,3
quizby,3
copyright,7
vial,4
cushe,0
hyperprolactinemia,0
overload,0
priority,5
cortex,0
sep,6
testament,3
commission,3
founder,3
hypopituitarism,0
sport,1
breadcrumb,9
mychart,3
variance,2
expand,3
asian,6
pace,1
polypharmacy,0
awkward,1
classmate,1
ferritin,0
assure,3
lover,1
notable,4
orchitis,0
customise,3
utilise,3
diverse,2
trade,4
fibrous,0
60s,2
idiopathic,2
med,6
blue,5
sad,5
halting,3
anorchia,0
navigation,9
retina,0
avenue,9
gutter,1
inspire,3
traction,4
carb,8
devastating,5
cocaine,0
impairs,0
reporting,2
mindset,8
bupki,1
brannigan,6
amend,0
cry,1
movie,1
upside,5
parasympathetic,8
memorial,9
quiet,1
silent,0
inter,2
kyzatrex,4
conaway,7
springfield,7
brenda,7
bodybuilder,0
breathe,0
intermittently,0
oxidative,8
salivary,8
alternatively,3
omega-3,8
sized,3
dugdale,7
likewise,2
flight,5
homeostasis,4
epic,1
favorite,1
https://my.clevelandclinic.org/health/articles/24101-testosterone,6
inhibitory,0
apparently,1
bullet,1
favorable,2
suspicion,0
inaccurate,2
medicate,5
portion,8
teach,1
cellular,6
cascade,0
expected,0
situate,0
indirect,5
interconnect,5
sodium,0
unmask,0
apnoea,0
wary,8
erroremail,3
errorinclude,3
preview,3
existing,2
irrespective,5
undeconate,4
frog,1
athletic,8
san,7
holiday,9
jordan,1
nutritionist,1
tuberculosis,10
clan,1
imply,1
varied,2
debunk,1
erythema,4
elect,4
committed,3
innovate,3
dampen,5
loose,0
faculty,1
meeting,7
outer,4
emotionally,0
alex,1
incomplete,0
labcorp,6
honoraria,7
sickle,0
thalassemia,0
symptomatically,2
chart,9
native,1
groin,0
hernia,0
denote,3
required,3
crystallised,8
needless,4
shallow,4
arterial,5
penetrate,4
pharmacist,4
massachusetts,6
drag,1
merschel,7
michael,7
absorbable,4
depot,4
excerpt,3
preferably,2
axilla,4
protective,6
modifiable,6
miniaturization,0
visible,0
genetically,0
differential,2
subjective,2
"td5,7",5
regenerate,11
explanatory,0
cease,0
hump,1
parallel,1
raloxifene,0
prediabete,2
comorbiditie,2
concomitant,2
changeable,5
overcome,4
orally,4
palatable,4
correspond,5
academy,6
odd,2
measured,4
inquire,5
productsprp,11
promising,11
dramatically,2
inconsistence,2
testosterone.you,0
afternoon,5
don’t,1
silence,5
emphasize,7
clothing,4
"men.29,32",2
doi:10.7326,6
m19,6
allegiance,4
exacerbate,0
sebaceous,0
accomplish,1
halfway,1
expertly,3
startedpatient,3
collaborate,3
contributing,12
dot,5
coach,3
fiber,8
androstenedione,0
dheas,0
debilitate,5
evolutionary,5
penetration,4
abbvie,7
clitoris,0
consultant,7
prick,4
throb,4
annal,6
fraction,4
unused,4
histiocytosis,0
brief,2
physique,5
communicate,1
identification,4
improvement.297,2
yield,2
beneath,3
political,9
iief,2
meaningful,2
pillar,8
multidisciplinary,3
quest,3
pint,4
remarkable,7
north,9
gonadotrophin,0
letter,3
zone,1
understandably,0
endo,7
mislead,1
overlook,5
elimination,0
mode,5
acceptable,3
regime,4
transitory,4
privacy,9
individualised,3
identifiable,6
nodule,0
m.s,6
literally,1
troublesome,0
anorexia,0
sperate,2
orchiectomy,0
contemporary,2
spirit,2
unavailable,4
sterile,3
triale,1
biomarker,3
genotype,5
vacuum,4
exclusion,2
questionnairetestosterone,2
skewed,8
geriatricians,3
psychiatrist,3
casual,1
code,3
mask,5
emas,6
lcms,2
relaxing,3
tampa,3
spatial,6
verbal,5
analyte,2
constitute,7
resemble,5
classification,2
comprise,2
discouraged,3
unregulated,3
urethra,4
trick,1
misleading,5
unhelpful,5
multifactorial,5
raisin,1
jointly,3
proportionally,9
sciences,1
rrr,2
chen,0
demographic,2
offspre,7
norm,5
keyword,2
intervene,5
reinforce,5
seamless,3
intratesticular,0
contentment,5
opiate,0
painkiller,0
toxicity,4
anaemia,0
citation,2
confused,1
secret,8
accidental,10
counselling,10
goodbye,3
psychologist,3
mhc,3
miller,1
sydell,1
antagonist,0
shave,1
wolf,1
anterior,0
prolactinoma,0
pin,1
reputable,3
naturopathic,1
medline,2
stream,13
nervosa,0
powerful,13
urine,4
boom,1
jolt,1
hopkins,5
obgyn,1
tuning,4
fatal,2
mindful,8
potent,0
corticosteroid,2
prednisolone,2
"levels.5,6,12",2
ucsf,7
pronounced,5
energetic,1
lustful,1
component,8
incompletely,5
overlap,5
arash,7
nayeri,7
efficiency,5
prompt,0
generalizability,2
weakening,5
burnett,7
heighten,2
varying,2
viable,4
stabilization,5
lining,4
endeavor,2
meantime,7
psychology,7
buffer,0
glycoprotein,0
misdiagnose,2
explicitly,2
magnitude,2
certainty,2
nomenclature,2
spark,5
stagnant,5
lisa,7
arthritis,7
lesser,0
achievement,0
tertile,2
means,8
sexy,0
insufficiency,0
turner,0
decreased,2
bell,1
kick,1
malnutrition,0
mobile,3
serotonin,0
facsm,7
ph.d,7
securely,3
darn,1
massive,0
thromboembolism,2
raw,4
affiliation,9
grumpy,5
enjoyment,5
moderately,2
walking,5
short-,4
trans,4
drinking,8
substantially,8
acuity,5
functioning,5
michigan,7
cultural,8
"potential.5,6,33,35,36",4
pdf,13
rochester,9
grant,7
cohort,2
prospective,2
spinach,8
language,12
arousal,5
domain,5
inverse,2
west,9
discovery,7
speaker,7
orgasm,5
ais,0
urea,0
poisoning,1
curious,1
survival,2
successfully,11
excrete,0
c2025,6
https://my.clevelandclinic.org/health/diseases/24897-low-testosterone-in-woman,6
hct,2
sensible,2
pregnancy,0
quantitative,2
nissen,6
officer,1
constant,1
ill,7
intubation,1
a.d.a.m,7
gap,6
management.4,2
buildup,5
wash,4
snore,1
trucker,1
chair,7
peptide,11
container,4
car,1
vein,4
ali,6
cotton,4
timely,3
trajectory,5
fatigued,1
plastic,0
party,12
expectancy,1
causation,2
hmg,1
substitute,3
disturb,5
beware,1
buyer,1
client,3
smooth,4
asempa,7
tremendous,13
urol,6
subcutaneously,4
band,4
approval,4
compete,7
heat,8
entirely,1
youthful,5
readily,8
suicide,1
emphasis,9
influencer,3
class,1
spread,4
tamoxifen,0
melme,6
impression,1
layperson,1
selection,7
hirsutism,0
williams,6
throw,1
deem,3
terrifying,1
vulnerable,1
funding,2
donation,2
fellowship,7
exception,4
oppose,1
bariatric,0
skull,0
heterogeneity,2
generate,2
columbia,7
conservative,9
musi,1
suite,9
rank,9
priapism,4
embase,2
prolong,5
worsening,5
considerable,2
jama,7
randomized,2
mail,1
living,2
fibrillation,2
peyronie,4
waste,5
duke,3
dictate,1
doubt,1
androderm,4
edit,6
tailored,3
vancouver,7
spironolactone,0
vast,1
ranges.13,2
spine,0
respiratory,0
comparable,5
mace,2
formulate,4
fetus,0
relevance,2
statistical,2
maker,2
preliminary,2
maturation,0
actively,3
doorstep,3
undert,3
valuable,3
heal,11
mrcgp,3
hairy,9
minimally,4
calibrate,3
willing,1
dip.fipt,3
apr,6
supportive,3
morgentaler,7
qol,2
meaning,2
standalone,1
realistic,3
simplification,3
triple,2
q&a,2
introduction,2
amalgamation,2
significance,2
star,1
statistically,2
corona,6
european,6
government,3
reclaim,3
"infertility.33,34",10
survey,2
billboard,1
taper,4
tapering,4
phd,7
responsibility,9
https://www.womenshealth.gov/a-z-topics/polycystic-ovary-syndrome,3
generation,3
ton,1
blunt,0
model,12
globally,3
specialise,3
carter,3
precise,0
pregnancy.34,0
carrier,7
vardenafil,4
staff,3
friendly,3
indication.1,2
vision,7
chromosomal,0
similarly,3
spectrum,9
atrial,2
chain,0
timed,4
plethora,1
seriously,1
modern,0
wellbee,5
activate,4
submit,3
manif,2
houston,7
preventive,7
reversal,5
immunoassay,2
hitter,1
sweet,1
lie,5
inclusion,2
nelson,6
topically,4
ducharme,7
accordingly,5
brings,5
distinct,4
chicago,7
broderick,5
gregory,6
breath,5
breakout,9
perceive,5
somewhat,5
shortness,5
"n=37,565",2
indication,2
january,2
largely,5
labeling,2
venous,2
androgens,0
ground,9
react,2
foetus,0
undescended,0
aesthetic,11
undesirable,11
boston,7
ultimate,3
courtesy,13
advisable,3
automatic,5
independence,5
masculinize,0
accredited,2
internationally,9
coordinate,7
gmt+0000,7
checkup,1
delphi,2
principle,2
cuban,1
sarcoidosis,0
query,9
relax,11
byproduct,5
suboptimal,5
absent,0
haemochromatosis,0
qaseem,6
oct,7
affiliate,1
institution,1
thereafter.438,4
studies.438,4
kit,3
bet,1
dripping,5
smell,0
expansion,3
internist,1
perfectly,1
quantify,2
airflow,0
continuous,0
hang,1
machine,12
cpap,0
liter,2
nanomole,2
nowadays,1
strengthen,5
behaviour,8
affordable,8
landscape,2
e235,2
peace,1
stressor,5
divide,4
maturity,8
adopt,8
seed,8
sharpness,5
thrive,5
tension,4
australia,7
steve,1
regiman,8
orthopaedic,0
traumatic,0
steven,1
induce,0
midsection,0
cope,5
occurrence,0
registration,3
amazing,1
capacity,5
eligibility,4
affected,3
fulfilling,3
pubmed,2
respect,2
unusually,2
clarification,2
express,1
innovative,7
solid,5
entry,1
randomly,8
african,2
americans,2
pubertal,0
buzzsprout,1
spotify,1
addict,1
barely,0
limb,0
pcp,1
embrace,0
feat,1
partnership,3
yale,7
happiness,5
nutshell,1
bullock,7
sustain,4
resubmit,3
dhaliwal,6
publishing,6
nuance,1
parse,1
ring,4
delicate,3
silver,6
cautious,4
perelman,6
terrific,1
float,0
cialis,4
anticonvulsant,0
prednisone,0
room,1
helps,5
virus,0
undescende,0
package,3
refined,8
thyroxine,0
multimedia,2
cardioprotective,5
erect,0
hesitant,1
estimated,3
unnoticed,3
extend,3
pressing,3
intensive,1
awkwardness,1
shame,1
itching,4
supra,4
highest,8
individually,3
shy,1
basket,1
sandeep,7
morbidity,8
propecia,0
appendix,2
exhibit,5
prostatespecific,0
psychiatry,3
disability,2
discretionary,2
incontinence,0
resection,0
alcoholism,0
hemodialysis,0
reasonably,3
questionable,3
legal,3
choy,0
jeremy,0
deepen,0
shampoo,0
textual,13
transcription,13
cirrhosis,0
interview,1
sadness,5
levitra,4
foam,0
actuation,4
transmit,0
await,1
cryptorchidism,0
acoustic,11
item,10
shade,10
shall,1
optimally,8
delve,1
tidbit,1
revise,2
300s,1
discretion,1
regionally,9
downward,5
redundant,0
faqs,3
quizget,3
quiztestosterone,5
reflection,1
hardening,5
narrowing,5
vigorously,3
render,7
engaging,1
immersive,1
lump,0
unevaluated,0
makeup,0
placement,4
antioxidant,8
sub,4
gauge,3
simplify,3
sertoli,0
airway,0
proven,1
immunodeficiency,0
accommodate,3
operate,9
overwhelming,5
characterize,5
illustrate,1
individualize,3
bioidentical,5
edema,0
noonan,0
xxy,0
contract,3
dl.427,4
stem,11
pennsylvania,7
recall,0
verify,3
florida,7
exacerbation,0
irritable,5
customization,3
flat,3
admit,7
gone,5
normalized,2
consciousness,5
luckily,5
equivalent,12
reproduce,5
phenomenon,5
severely,1
subscription,3
anger,5
bill,3
baumgarten,7
developmental,0
chronology,5
arise,2
distance,5
arrive,2
labwork,3
borderline,1
www.fda.gov/drugs/drug-safety-and-availability/fda-drug-safety-communication-fda-cautions-about-using-testosterone-products-low-testosterone-due,2
creams,4
surgically,4
hereditary,0
myriad,0
fantasy,5
drastic,1
universally,5
inconclusive,2
fuel,8
marco,7
pahor,7
triglyceride,0
garlic,8
lipoprotein,0
copy,0
fever,0
eve,7
titration,4
johns,5
mutation,0
permit,4
neurological,0
cauter,7
nonetheless,2
manufacturer,2
intention,1
medicine.net,5
rehab,10
restrict,5
"levels.46,47",8
overactive,0
die,1
ventilator,1
wife,1
anonymity,1
ttrial,7
illicit,0
meikle,0
instigator,5
sinus,3
directive,2
net,2
tube,4
imaging,6
mris,0
scope,1
feb,6
visual,6
inspiration,1
browse,3
established,2
bed,1
producer,1
road,9
bladder,0
gent,1
mid,2
"recommendation).5,39",2
peterson,2
herbal,8
remedy,8
madsen,1
image,0
poke,4
meal,8
hdl,0
policy,9
dopamine,0
egg,8
oyster,8
nice,1
green,8
khera,7
van,6
database,2
milk,0
patience,3
reconfirm,8
circadian,4
commercially,4
accuracy,2
money,1
uncommon,5
starting,4
contraceptive,10
scar,4
cunningham,6
basically,1
authorship,2
fund,2
qualitative,0
intimate,4
distress,0
bias,2
asthma,7
flu,7
louis,7
synthesis,0
methotrexate,0
perception,5
earn,3
hunt,8
masculinity,5
interact,1
ultrasound,1
elevation,0
accessible,3
controversial,2
fair,2
bleed,4
empower,3
strict,2
accident,2
golden,3
bhasin,6
radial,1
monthly,3
cutter,3
cookie,3
alarm,8
wave,1
david,7
takeaway,8
historically,0
samplaski,7
usual,0
optimisation,3
push,1
molecular,6
compassionate,3
modest,5
harmful,8
cold,4
sweaty,5
"levels.48,49",0
investigator,7
abrupt,5
aggressive,0
restriction,12
waiting,1
robert,6
telehealth,3
infertile,0
yoga,8
cooney,6
cecil,6
game,1
career,7
magnify,2
meditation,8
goldman,6
emotion,5
subset,1
electrolyte,0
culture,1
newborn,0
cerebrovascular,2
exhaust,1
infectious,0
cheap,1
intramuscularly,4
black,8
hydrated,2
fairly,1
microdosing,4
dig,1
multivitamin,8
prasad,8
implantable,4
long-,4
infant,0
chief,7
nannan,7
prioritise,3
regulatory,3
compliance,3
align,5
subjectively,3
erythropoiesis,0
mimicking,4
arnold,7
obvious,5
normalise,5
frustrating,1
attest,1
nausea,4
correlate,2
promise,1
double,1
participate,7
illegal,3
substantial,5
pearlman,12
seattle,6
midlife,6
misunderstanding,5
reliability,2
cutoff,2
piece,3
puzzle,3
inevitable,5
senior,7
controversy,6
conformance,3
text,1
bald,0
blog,7
judgment,2
thomas,12
divorce,5
ohio,1
pharmacodynamic,4
likelihood,5
scenario,2
extrapolate,2
sonogram,0
reader,2
salt,1
visitor,9
air,4
inadequacy,5
streamlined,3
temple,0
howard,6
hallmark,1
interrupt,0
colon,10
roughly,4
clin,6
bajic,1
style,8
tact,5
accelerate,5
tricky,1
lotion,4
removal,0
mandate,2
ignore,5
beauty,1
cinematography,0
citrate,0
beat,1
healthbeat,1
anastrozole,0
skilled,3
knowledgeable,3
ford,3
hurt,1
sterilization,1
moment,1
followup,2
fundamental,6
proportion,2
three-,4
cdc,2
website.11,2
structural,5
microdose,4
texture,4
etiology,2
prolactinoma.6,2
preventative,8
950ng,3
rounded,8
pull,1
counterpart,4
hba1c,0
kim,1
manufacture,4
collectively,2
pick,8
conserve,2
median,2
facilitate,2
adjunctive,2
adolescence,0
crucially,2
normalization,5
tightly,0
implantation,2
rollercoaster,0
bruise,4
soreness,4
fantastic,1
beautiful,1
color,10
adenoma,0
bioavailability,0
inevitably,11
thankfully,1
dietry,9
tackle,9
translate,13
constantly,1
integral,4
enthusiasm,5
matsumoto,6
suddenly,1
determination,0
eventually,12
men.65,5
suggestive,5
apathy,5
flexibility,4
maximize,4
olympic,1
sweat,5
hypotension,0
uncontrolle,0
clickable,7
stamp,3
pandemic,7
radiotherapy,0
flashy,1
diminish,5
lobido,5
tale,1
catabolic,0
commensurate,1
worsens,5
miraculous,1
breakage,4
climb,9
jim,1
viagra,4
graph,10
congestion,4
feeble,5
brittle,5
generic,4
applicable,10
montori,6
poorly,0
remains,3
wear,1
inflammatory,0
download,1
suppresse,0
agents.437,4
processing,6
hotale,1
calm,0
apple,1
td.5,2
undertake,2
"td.76,77",5
iowa,3
bodily,0
doesnâ€tmt,5
dl.181,4
weigh,3
sebum,0
excellent,3
firm,4
acknowledge,3
known,5
ailment,3
column,2
mess,8
malaria,0
knock,1
overuse,0
armpit,4
reap,1
tune,1
frank,1
firmly,4
epidemiology,2
propel,7
torso,4
optimistic,12
bottle,4
recommendation).5,0
usable,0
youth,3
thoracic,1
ketoconazole,0
incision,4
suppose,1
mentally,1
emergency,1
differ,9
perspective,6
eds,6
school,7
community,7
flare,0
oily,0
gmc,3
represent,2
doi,6
argument,1
genital,0
endocrinol,6
default,4
friend,1
petar,1
virtual,10
ancillary,3
convenience,1
mistake,0
info,7
ear,0
publication,2
detection,0
toxin,0
unusual,0
chemistry,7
parent,1
analogy,1
nail,1
mother,7
battery,4
bothersome,1
aggression,9
intercourse,5
covid-19,7
shrivel,0
afterward,4
sting,4
mix,1
objective,2
snyder,6
smart,1
pmid,6
jorgez,7
misconception,1
explosion,2
athlete,0
compensate,4
gabrielsen,7
foot,1
retain,0
blend,9
path,5
glad,1
killer,1
prolonged,4
unfamiliar,3
dietitian,3
plummet,0
status,0
specialty,3
workout,8
arrange,3
counteract,5
upmc,9
price,3
business,1
centre,9
deprivation,0
tooth,4
television,1
timeline,5
aside,0
e240,2
dizziness,5
wang,6
agent,4
official,2
characterise,0
score,2
region,9
dependent,4
soft,8
passion,3
race,9
context,2
motivated,1
phase,1
colleague,2
unstable,0
saturate,8
hyperthyroidism,0
standardization,2
collaboration,7
reassure,1
reassurance,1
unhealthy,0
osa,0
wow,1
anesthetize,4
layer,4
myhealth,3
womb,0
muddle,5
thinking,5
positively,8
strenuous,5
task,13
satisfactory,5
representation,13
lut,2
metabolise,0
accurately,2
false,0
house,1
retrograde,0
dive,1
dermatology,7
alter,4
pretend,1
rehabilitation,7
connotation,1
listener,1
incredibly,1
marijuana,0
reading,2
arrhythmia,2
implication,7
conversion,0
building,9
drill,1
tumour,0
june,6
stressful,5
workup,3
advertise,1
finance,3
resort,3
longevity,3
progressive,5
gluteal,4
renal,0
electrode,0
record,3
hello@thescoperadio.com,1
listening,1
occasionally,8
silently,1
assume,1
whocaresmenshealth.com,1
oversight,3
length,1
countless,5
spiral,5
minoxidil,0
steadily,4
combat,3
monotherapy,0
subsequent,2
"testosterone.54,55",2
stability,4
fun,1
lessen,0
locate,0
awesome,1
lymphatic,4
strain,4
magic,1
personally,3
collective,2
tadalafil,4
prone,0
licensed,3
discontinue,2
readjust,5
illegitimate,3
metastatic,2
"old.6,14,15",2
danger,10
giant,1
fight,5
surface,4
erythrocytosis,0
practical,2
itâ€tms,1
unsubscribe,3
bulk,5
sleepiness,5
shower,4
nerve,0
neuropathy,0
discover,3
unmatched,3
eligible,3
stabilize,2
thescoperadio.com,1
america,5
sticky,4
viscous,4
conversely,2
page,3
glucose,0
exceed,0
counselor,5
neurotransmitter,0
catalyst,1
maximum,4
irritate,4
concentrating,5
impossible,8
oligospermia,0
accompany,5
slowing,5
excision,5
gynaecomastia,5
ped,0
usage,4
tolerance,2
daytime,5
deeply,3
artificially,5
depress,5
plasma,11
vte,2
weaken,0
hepcidin,0
negate,3
structured,3
broadly,7
burning,5
discipline,7
pose,0
urinating,0
western,7
invigor,9
glucocorticoid,0
capture,13
sulfate,0
rogers,5
checklist,10
foremost,1
advocate,1
heck,1
fuzzy,5
financing,3
craft,3
pinpoint,3
conform,0
uterus,0
pp.2021,2
death,2
billing,9
cqc,3
confident,3
expense,1
glut,0
straightforward,3
prescription(s,3
route,4
permanent,0
excited,1
extreme,0
eau,2
aerobic,8
aromatisation,0
attain,0
ldl,2
sun,7
drawback,4
blind,2
honeymoon,1
navigate,3
tolerate,4
possibly,1
strained,5
lately,1
origin,0
predominantly,0
gentleman,1
telephone,3
embarrassing,1
normalize,2
equation,4
metabolize,4
enable,3
aid,5
impulsive,0
classic,5
impotence,5
shock,1
discourage,3
asleep,1
copd,0
coincide,2
slim,1
critically,7
fee,3
derail,3
toronto,7
explicit,2
instability,0
constellation,3
observational,2
laziness,5
moodiness,5
predictive,2
skillful,3
touliatos,3
curiosity,9
george,3
mumps,0
threat,0
rear,1
gym,1
inactive,7
exclude,2
participant,5
lutenise,0
e242,2
smoothly,3
unbound,0
anticipate,4
regeneration,0
coordinator,3
painful,4
mike,3
isolated,0
music,13
detrimental,0
dispel,3
thrombophilia,0
uncontrolled,0
scale,2
oestrodiol,0
titrate,3
save,3
speed,5
https://www.ncbi.nlm.nih.gov/pubmed/37589949,6
deterioration,5
converter,11
retry,11
specimen,2
40y,10
60y,10
45y,10
69y,10
20y,10
50y,10
80y,10
18y,10
androgel,4
testim,4
35y,10
65y,10
oil,4
ejaculation,5
father,7
watch,1
sensitive,0
hpta,3
industry,3
communication,3
network,3
gene,0
head,0
burden,2
gnrh,0
persistently,2
assay,2
pediatric,6
childhood,10
bssm,2
grain,8
acute,6
worried,1
assign,2
defect,0
license,3
allergy,7
widely,2
retrospective,2
rating,2
cross,6
blame,1
regenerative,11
series,2
validated,2
oftentime,1
minimal,4
cua,2
incorrect,11
hesitate,9
button,2
mitigate,4
clevelandclinic.org/menshealth,1
join,7
pocket,1
restful,1
environmental,0
advantage,3
financial,1
conflict,2
henry,3
cedars,7
numerous,5
warn,2
restorative,8
announcement,2
awareness,3
charge,3
underarm,4
coronary,5
catch,8
fill,1
pleasure,1
adapt,4
surge,9
tiny,4
factorial,3
multi,10
colorectal,1
hip,4
abdominal,5
initiation,2
exact,1
pass,7
flush,5
discomfort,4
b12,8
popularity,2
observe,4
groups.435,4
physiologic,4
folate,0
leader,3
restart,3
comparison,2
calculate,2
kocsis,3
referral,3
solve,1
universal,7
correlation,9
distinguished,3
rarely,0
treatment.2,2
trimix,4
pee,0
stimulation,0
trough,4
pde5,2
conference,1
presentation,7
sildenafil,4
grober,7
anymore,1
broad,9
optimization,3
rely,1
rcts).181,4
guest,1
urgent,9
variability,2
platelet,11
direction,1
drastically,1
luck,2
door,3
crisis,1
atherosclerosis,5
modality,4
trustworthy,1
truly,1
sorry,1
substance,6
session,8
transport,0
implement,7
secretion,0
emerge,2
nutritional,0
forwards,3
loop,0
inbox,6
regard,1
lift,1
satisfaction,5
tertiary,3
phone,3
contraindication,2
conveniently,4
portal,3
reproduction,0
fetal,0
intellectual,0
trust,3
commencement,2
therapy6,2
scalp,0
evolve,3
conjunction,5
herb,8
interpret,2
restoration,11
sole,3
urologic,7
excuse,1
perfect,1
pound,1
varie,3
regardless,5
gonad,0
td5,2
erythrocyte,0
neutralize,0
anaerobic,8
enquire,3
core,1
thirumavalavan,7
discrepant,2
stabilise,4
anecdotal,3
hgh,0
efficacy.40,4
pubescent,0
education,7
rock,5
breaker,1
uncertain,2
sheet,3
incident,2
feature,7
parking,1
cushing,0
ovarian,0
interval,4
endogenous,0
joint,11
tsh,0
editorial,7
hypertrophy,0
tract,0
fasted,0
buccal,4
technique,8
chap,6
ochsner,3
narcotic,0
utilize,2
enrol,2
sore,4
precocious,0
elsevier,6
central,6
philadelphia,6
a.m.,6
ageing,5
knowledge,3
tender,5
outweigh,2
nervous,8
complaint,5
ideally,3
background,1
diurnal,0
replicate,0
hypogonadotropic,6
mechanism,6
heavy,8
masculine,5
wish,3
equal,8
normalising,5
tone,13
occasion,2
recur,1
definitively,2
timing,4
biopsy,0
root,3
distinguish,7
consensus,2
serm,0
post,12
veteran,5
reflect,9
organise,3
dre,0
wrap,1
final,6
nuanced,1
cardiologist,7
predict,2
pregnant,0
pmol,2
limitation,2
supervise,2
cognition,5
ovulation,0
setting,2
sharp,5
robust,5
making,0
spur,0
bother,1
donate,4
unpleasant,11
sit,1
apart,4
suffering,5
reductase,0
reversible,2
cuaj,2
extensive,3
light,13
cardiology,7
local,3
guess,1
rapid,5
manifest,5
harvard,7
diligence,3
rash,4
outline,3
valid,6
spot,0
unchecked,0
butts,1
transcript,1
urge,1
surprising,5
dehydroepiandrosterone,0
mri,0
testopel,4
inadvertently,0
parameter,2
vigor,5
director,7
statistic,2
possibility,4
version,13
cardio,8
pulmonary,0
store,8
vicious,5
personalized,3
scientist,7
causal,7
manner,3
asanad,1
synthetic,0
england,2
disfunction,5
visceral,5
infect,2
|ꚛꚛoo,2
extremely,8
menstrual,0
e237,0
sustainable,3
rapidly,9
quizdefy,3
mortality,2
commence,2
alpha,0
special,4
nature,2
demand,7
minimum,4
transition,3
predisposition,0
prp,11
maintenance,4
traverse,2
micro,0
error,2
assured,7
dramatic,5
plunge,5
crystalize,4
recover,5
unresolved,0
pursue,1
culprit,0
having,0
anecdotally,1
multimorbidity,2
dollar,1
limited,3
personalise,3
prevalent,2
uss,2
shift,8
bypass,4
notably,9
polycystic,0
relaxation,8
embarrassment,1
childbearing,1
wise,1
emasculate,5
therapyis,4
exploration,2
purchase,3
highly,3
isnâ€tmt,0
compounding,4
advertisementadvertisement,7
overproduction,0
repair,0
mature,0
absence,0
financially,1
systematic,2
april,6
proliferate,3
input,2
left,2
conceive,0
manopause,6
circulation,11
unknown,2
plaque,5
embarrassed,1
pathophysiological,0
anything-,5
whichever,4
section,10
importantly,2
anti,11
interrupted,0
rub,4
cag,0
excellence,7
teen,0
ordering,3
obstruction,0
boob,5
hrt,3
precaution,3
essence,5
instruction,4
following,13
tease,1
adversely,5
yearly,2
pointer,0
user,3
cbc,0
illuminate,0
hint,1
sustained,4
pastuszak,1
prevention,10
unbiased,3
pump,4
rct,2
finasteride,0
pattern,0
ingredient,8
dhea,0
insert,4
pinch,4
weekly,4
folk,1
milestone,10
minimise,0
swerdloff,6
barrier,4
ahead,1
esteem,5
hpg,0
persistent,5
warning,2
immune,0
circumference,2
incidence,2
advance,3
functional,6
interesting,1
element,13
modulator,0
sexually,0
player,1
breathing,0
dark,8
video,3
fitness,8
uva,7
travel,0
fruit,8
rhythm,4
natesto,4
metronome,1
february,2
apparent,2
requirement,4
pharmaceutical,2
suppression,0
classical,0
radio,1
broken,5
swell,0
institutes,7
mark,6
switch,1
onion,8
gold,3
reality,1
related,2
appearance,11
disturbance,5
forgetfulness,5
introduce,2
mump,0
shortage,0
supplemental,4
underproducing,2
expensive,1
buttock,4
shape,13
insertion,4
luteinizing,0
impair,5
adaptation,2
backbone,1
clean,4
formula,4
stamina,5
hiit,8
opposite,9
abdomen,4
consistency,4
assist,3
nih,7
wake,1
independent,5
phlebotomy,3
marketing,1
july,6
reveal,2
everyday,5
medlineplus.gov,7
www.fda.gov/drugs/drugsafety/ucm436259.htm,2
correction,2
cah,0
antidepressant,5
severity,3
escalation,2
discontinuation.418,4
buy,3
bloodwork,3
stock,7
vs.,0
country,1
endeavour,8
sluggish,1
molecule,0
rbc,2
diabetic,5
interpretation,2
to-1,0
advancement,3
extraction,0
dedicated,3
thinning,11
gum,4
thereof,0
selective,0
treatable,0
mcdonald,1
prostatitis,0
venothrombolic,2
chromosome,0
shot,4
power,2
holistic,3
evident,5
kid,1
dosing.221,2
anybody,1
sell,1
zinc,8
overtrain,8
rebuild,8
skip,9
lethargy,5
shadow,5
relevant,2
vessel,11
predictable,4
progesterone,0
menu,9
increased,8
leydig,0
autoimmune,0
strongly,9
extent,1
basic,6
wearer,4
underproduction,5
intend,13
sleeplessness,5
library,7
unsafe,0
intent,1
biochemical,2
testimonial,1
profit,7
theirs,0
alteration,4
gear,1
driver,7
roosevelt,7
mixed,0
haemoglobin,0
rich,11
protect,8
renew,3
aids,0
abnormality,0
myth,1
normally,0
consideration,2
sufficient,2
variation,2
boy,0
stall,4
episode,1
albumin,0
detailed,2
liquid,4
detect,0
informed,3
cvd,2
minor,7
investigate,7
unexplained,5
southwestern,7
trend,9
snapshot,5
solely,9
calorie,1
belly,5
randomize,2
unwanted,0
inner,4
announcer,1
shockwave,11
mouth,4
nonoral,4
unattached,0
presence,2
improved,5
pmcid,6
opt,3
eliminate,8
intimacy,6
sterility,1
chest,5
caring,3
birth,0
educational,7
baby,0
pathway,8
strive,3
attribute,5
endorse,6
guarantee,3
henryford.com,3
costly,3
original,1
andrology,6
cumulative,2
gentle,1
complexity,3
routinely,3
vigilant,3
gender,5
unaware,3
preservation,0
recreational,0
smoke,0
immediate,5
lifelong,7
gonadal,0
rarity,1
stand,0
trait,5
appreciate,1
amplify,8
type-2,0
utero,0
respectively,2
redistribution,5
escape,1
sufficiently,2
hypertension,0
monday,7
everybody,1
rebalance,3
pregnenolone,0
burn,1
evening,1
grin,3
concept,6
fluid,0
overdiagnosing,2
uncomfortable,4
insufficient,2
thin,4
masterson,12
sum,5
tiredness,5
spray,4
scan,0
heavily,9
host,1
leave,1
previously,2
pathology,7
dip,0
resource,3
inherit,0
digestive,1
circumstance,2
unblinde,2
forever,1
greatly,5
depersonalisation,5
leg,0
irregularity,0
secrete,0
conclusion,2
swelling,0
shut,1
tip,8
overproduce,0
imperative,2
delayed,0
injure,11
chalk,5
reduced,5
disruptive,5
ejaculate,5
collect,4
effort,3
traditionally,0
supervision,3
penile,4
suit,3
juxtapose,1
inefficient,5
nostril,4
subtle,5
newsletter,9
n=395,2
endurance,5
tobacco,10
negotiable,3
vattikuti,3
nhs,3
canada,7
marrow,0
nerd,1
hyperlipidemia,0
qualify,3
confirmatory,2
trunk,0
lifespan,5
subscribe,1
dread,0
examination,2
pcos,0
nmol,2
cholesterol,0
lundy,1
category,3
pharmacokinetic,4
honest,1
menopausal,5
water,0
hit,1
organ,0
commercial,4
complex,13
alongside,0
waist,2
upper,4
confidence,5
mayo,6
alternative,4
annual,7
endpoint,2
actual,1
entire,8
weakness,5
wait,1
job,1
prescribing,2
cardiac,2
foundation,6
modify,7
noticeable,5
deepening,0
tenderness,0
james,9
eckel,7
field,3
eating,8
medium,9
google,9
vegetable,8
block,0
clomiphene,0
hemochromatosis,0
oxygen,5
reward,3
nonspecific,5
consumer,3
attempt,2
regimen,3
effectiveness,3
washington,7
harm,0
initially,1
fatty,4
variable,4
pre,2
relatively,4
optional,0
particular,2
entity,1
testes,0
view,3
importance,7
replace,4
consist,4
complicated,3
unfavourable,0
concerned,1
definitive,2
capsule,4
attend,3
world,9
attach,4
calcium,8
personalize,3
thoughtfully,3
intensity,5
scrotum,4
touch,4
definitely,1
white,8
slight,4
prevalence,2
enlarged,0
challenging,3
nasir,2
luteinise,0
preparations.421,4
spend,1
ed)will,5
unlikely,0
instance,3
getting,1
spermatogenesis,4
assessment,2
willingness,3
tie,5
exacerbated,5
device,4
rebalancing,3
vascular,1
hospital,9
website,12
happy,1
division,7
compound,4
transfer,4
location,9
hypothyroidism,0
action,8
set,8
discussion,2
national,7
dosing,4
irregular,0
intense,0
surround,2
canadian,2
forward,3
hypergonadotropic,0
safety.30,4
flood,0
sedentary,5
dedicate,3
depressive,5
utah,9
educate,3
fashion,2
sort,1
recognise,3
obviously,1
walk,1
quiz,3
invasive,4
definition,2
commitment,3
prostatic,0
stick,4
i.e.,2
click,3
expectation,13
course,1
amory,1
decent,1
specialized,3
height,5
contrast,0
butt,1
documentation,2
abnormally,0
accept,3
states,7
temporary,0
adam,2
comment,10
immediately,5
comfort,4
startedinjectable,4
diminished,5
increasingly,3
cmp,0
propionate,4
conclude,2
audio,13
reaction,4
slightly,4
baylor,7
british,7
discreet,4
absolute,2
mimic,0
afraid,1
environment,7
primarily,0
unable,0
inhibit,0
accidentally,4
transference,4
menstruation,0
cause(s,3
public,9
handpicke,3
sinai,7
counseling,10
relative,2
podcast,1
overlapping,2
complicate,2
disrupt,0
bph,0
misuse,0
million,5
therapist,1
methodology,2
behavior,8
dress,4
anawalt,6
enanthate,4
boron,8
clarity,5
certify,7
board,7
unequivocally,2
vascularity,4
future,3
accumulation,5
orthopedic,5
face,1
funk,1
causative,5
unclear,2
nonsmoker,5
overeating,5
resemblance,1
vigorous,8
discrepancy,2
bioavailable,0
slew,1
metabolization,4
percentile,2
dilemma,2
roman,1
dl).437,4
periodic,8
correctly,1
infrequent,3
couple,1
document,2
science,7
college,7
admission,2
nanogram,2
meta,2
androgenic,0
hinder,0
resistance,0
receptor,0
implant,4
thank,1
memory,5
platform,1
scientific,7
shoulder,4
clearly,0
headache,5
downside,1
recovery,4
stuff,1
overview,5
situation,1
dietary,8
brand,4
useful,4
united,7
write,3
resolve,3
haematocrit,0
hope,1
acquire,0
nose,4
oxytocin,4
enjoy,1
threshold,2
physically,5
social,9
indicator,5
fine,1
cite,6
wrong,1
warrant,2
intervention,2
appropriately,2
frequent,4
market,3
rectal,0
message,1
majority,1
beard,0
lung,0
assistant,7
atrophy,0
update,2
structure,7
technology,12
exposure,0
negatively,0
consumption,8
summary,2
opportunity,1
realize,1
depth,3
distribution,5
volume,2
preclude,2
bph.59,2
date,2
regain,3
obtain,3
dihydrotestosterone,0
clumping,4
nope,1
news,12
send,0
cortisol,0
transdermal,4
chorionic,0
never,1
messenger,0
aveed,4
smoking,8
deciliter,2
exactly,1
booster,1
ester,4
advertising,7
hiv,0
impersonation,1
internet,6
imbalance,0
society,6
table,2
serve,3
initiate,7
precursor,0
claim,9
interfere,0
consume,8
chance,8
maturing,0
pubic,0
connect,3
examine,2
clinically,2
muscular,5
away,4
index,5
subcutaneous,4
preparation,4
finally,1
incorporate,8
qualified,3
intake,8
semen,0
reliable,3
loh,2
diagnostic,2
aware,2
train,1
counsel,2
reevaluate,1
sudden,5
replenish,3
mission,7
cessation,10
conditional,2
muthigi,4
invite,3
unit,5
originally,13
demonstrate,4
ideal,4
dabaja,3
inadequate,0
inconsistent,2
analyze,2
inflammation,0
healthier,1
osterberg,8
unlike,5
pure,0
spurt,0
reteste,5
strategic,3
densitometry,2
commit,3
delay,0
barometer,5
huge,1
prepare,4
account,3
aged,6
analog,0
persist,5
headspace,1
injection).445,4
enlist,0
pronounce,5
disproportionally,1
select,3
aua,2
member,7
archive,2
count,0
search,9
average,1
signal,0
endocrinology,6
conversation,1
dht,0
interlink,0
simple,1
pharmacy,4
run,1
partner,3
attache,0
drink,8
association,7
struggle,1
vitamin,8
practitioner,3
super,1
wonder,1
international,6
track,3
attention,12
inside,4
ago,1
essentially,1
plenty,1
academic,7
lowering,1
comfortable,1
gut,1
word,1
certainly,1
recently,7
consistently,9
contested,3
retention,0
journal,6
adiposity,5
break,0
inappropriately,5
ultimately,8
infarction,2
myocardial,2
innovation,3
abuse,0
noon,0
separate,2
nutrient,8
spike,4
frequently,10
supply,4
fracture,5
adjustment.28,2
modification,4
mainly,0
transform,3
popular,1
|ꚛꚛꚛo,2
skimp,3
factual,3
guide,3
careful,4
psa,0
validate,2
preexist,2
breakdown,9
enroll,3
counter,1
brag,1
cleveland,1
institute,7
artery,5
finding,2
needle,4
insulin,0
initial,2
iron,0
success,3
eye,0
insight,2
regulation,5
thousand,3
mount,3
dad,1
reasonable,1
okay,1
premature,0
successful,3
company,3
circulate,0
chemical,0
suitable,4
welcome,1
state,9
relieve,4
m.d,7
register,3
absolutely,1
trauma,0
hypothalamic,0
failure,0
training,8
hyperplasia,0
cover,3
thigh,4
subject,2
etc,10
antigen,0
alopecia,0
ail,1
axis,0
deal,1
confirmed,2
minimize,1
standpoint,1
quit,8
impetus,2
cent,5
differently,3
inhibitor,0
regret,3
disadvantage,4
shrinkage,1
thoroughly,3
large,2
override,0
thirty,5
inability,5
https://themenshealthclinic.co.uk/microdosing-trt-the-future-of-testosterone-replacement-therapy/,6
considerably,5
troy,1
percent,5
email,3
space,1
absorption,4
nasal,4
opinion,1
undecanoate,4
encompass,2
department,7
digital,1
trip,3
relief,4
ratio,0
duration,2
percentage,2
mention,1
estimate,2
advanced,7
marker,5
single,1
telemedicine,3
caution,4
challenge,2
experienced,3
near,0
suspect,0
progress,3
basis,2
easily,4
line,1
highlight,2
advice,3
unfortunately,3
ascertain,2
versus,4
biological,7
slide,1
thickening,2
lessened,5
physiological,0
globulin,0
past,1
service,3
night,1
population,2
home,3
damage,0
malfunction,0
endocrine,6
kidney,0
surgical,0
depressed,5
flow,8
dangerous,1
recommended5,2
tom,1
opioid,0
whilst,0
secondly,1
specifically,2
purpose,2
baldness,0
somebody,1
prefer,4
journey,3
target,2
fog,5
multiple,4
dry,4
listen,1
rise,7
prescribed,4
minus,3
specialize,3
gynecomastia,0
cut,2
disagree,1
frustration,1
reliever,0
hematocrit,2
tumor,0
define,2
abnormal,0
steroid,0
infection,0
hey,1
bmi,2
consequence,5
u.s,7
lipid,0
slowly,4
physiology,6
vital,5
traditional,3
criterion,2
professor,7
worth,1
idea,1
clot,0
benign,0
previous,2
bear,0
screen,6
repeat,2
hear,1
connection,0
anabolic,0
preference,3
plus,3
wet,4
tool,2
enzyme,0
critical,8
figure,3
visit,3
shelf,8
fully,13
and/or,5
acne,0
program,3
family,1
measurement,2
urinary,0
lean,5
steele,1
interviewer,1
penis,4
medically,3
cure,1
reverse,5
thought,1
advise,0
insomnia,5
john,1
steady,4
share,9
completely,1
alertness,5
far,1
wide,3
engage,8
prioritize,8
obese,0
pet,4
spontaneous,5
proactive,3
swollen,5
tailor,3
stage,0
investigation,2
preserve,0
content,12
adequate,0
adulthood,0
agree,1
ameliorate,3
quickly,4
injectable,4
mitch,1
remove,4
request,3
untreated,0
polycythemia,2
value,2
|ꚛooo,3
applied,4
concluding,5
cost,3
state.434,2
design,2
err,1
let,1
insurance,3
decision,3
genetic,0
female,0
hold,4
placebo,2
properly,0
safely,8
outside,1
frequency,4
congenital,0
sensitivity,0
e.g.,2
feedback,0
igf-1,0
book,3
supplementation,8
habit,8
enter,11
tablet,4
typical,0
urological,7
deficient,2
elevate,0
effectively,3
pro,4
scripps.org,3
suppress,0
lethargic,1
henceforth,2
rebound,1
ease,5
excessive,0
kallmann,0
questionnaire,2
panel,2
screening,10
clear,9
procedure,4
half,1
sample,2
therapeutic,4
area,4
motivation,5
nutrition,8
detail,13
instead,8
fit,3
recognize,2
label,4
open,1
deep,12
adrenal,0
klinefelter,0
rest,1
irritation,4
gradual,5
mild,4
love,1
worry,1
proper,3
additionally,0
shrink,0
analyse,2
describe,2
return,4
external,12
expertise,3
devise,3
debate,1
recognition,3
con,4
site,4
fluctuate,2
monitoring,3
continue,3
link,0
hot,5
follicle,0
arm,4
paper,7
internal,7
approximately,4
cypionate,4
pretty,1
prove,1
closely,3
pay,1
enlarge,5
overtraine,0
additional,2
miss,1
cycle,0
rule,2
picture,1
stickler,1
peak,4
choice,4
fall,10
dwindle,10
prior,2
scott,1
tissue,0
estradiol,0
laboratory,2
build,5
contain,8
evaluation,2
clomid,1
extra,0
hand,4
customize,3
author,7
symptomatic,2
trigger,0
complication,0
intramuscular,4
mineral,5
interested,7
inform,2
formation,0
carefully,3
underlie,0
builder,5
feeling,5
influence,0
yes,1
optimise,3
rotate,4
self,5
vitality,5
learn,3
bind,0
quantity,8
prolactin,0
easy,1
rate,4
period,0
surgery,7
estrogen,0
explore,3
illness,0
understanding,3
characteristic,0
remain,2
exist,2
convenient,3
application,4
hotaling,1
ovulate,1
combination,11
office,9
soon,1
hemoglobin,2
small,4
hormones-,0
regularly,3
physicians,2
averse,4
guy,1
notice,1
similar,4
usually,4
anemia,5
hour,4
individualized,3
hypogonadal,2
private,3
excess,0
major,2
obstructive,0
degree,2
wellbeing,5
reduction,5
aim,8
overweight,0
story,1
consistent,2
efficacy,4
close,4
alleviate,5
nearly,5
rare,0
adverse,2
attributable,5
human,0
researcher,7
cream,4
attack,2
severe,0
little,1
fsh,0
moderate,2
shbg,0
university,7
hcg,0
stable,4
baseline,2
limit,2
strategy,4
remember,1
endocrinologist,3
bolster,4
fail,2
gradually,5
guidance,3
beneficial,1
crucial,3
underlying,3
draw,2
overdraw,2
twice,4
consultation,3
troubling,5
delivery,4
main,9
essential,0
prevent,0
allow,4
release,0
yeah,1
oestrogen,0
bring,1
publish,6
metabolism,7
convert,0
hard,1
enclomiphene,4
aromatase,0
decade,3
quick,1
advertisement,0
manufactured,0
believe,1
food,8
fluctuation,4
non,4
group,2
person,1
pellet,4
reference,2
place,4
desire,5
product,4
mind,1
thorough,3
big,1
enlargement,0
aspect,5
sound,1
true,1
undergo,3
accurate,2
discriminatory,2
compare,2
orthinne,0
management,6
short,4
interest,9
tend,1
adjustment,4
personal,3
list,9
currently,4
consult,3
candidate,3
alcohol,0
alkylated,2
clinician,2
real,1
helpful,1
fix,1
ready,3
report,2
urology,7
solution,4
oestradiol,0
literature,2
profile,4
despite,2
conduct,2
matter,1
bit,1
speak,3
concentrate,5
composition,5
routine,8
administer,4
access,6
supplement,8
diet,8
turn,1
establish,2
weak,2
emotional,5
anxiety,5
tired,1
explain,3
trouble,5
congestive,0
encourage,3
source,8
fda,2
adjust,2
number,1
energised,5
end,1
happen,1
difficulty,5
difference,1
reason,1
balanced,8
act,4
standard,2
middle,1
recent,3
chemotherapy,0
response,5
carry,4
direct,4
flash,5
choose,3
grade,2
identify,2
disorder,0
datum,2
child,0
refer,9
grow,0
androgen,0
metabolic,0
irritability,5
pain,4
probably,1
exam,0
respond,3
active,0
addition,5
negative,0
difficult,1
serum,2
bloodstream,4
optimize,3
absorbed,3
young,5
utlized,0
patch,4
thyroid,0
order,3
practice,6
liver,0
topical,4
significantly,2
andropause,5
unique,3
meet,3
voice,0
formulation,4
point,1
correct,3
sugar,8
center,7
dose,4
hypothalamus,0
daily,4
performance,5
address,3
american,7
expect,5
ongoing,3
later,0
worsen,0
wellness,3
uncover,1
determine,2
ensure,3
prepared,1
history,2
necessarily,1
sense,1
complete,3
simply,3
inject,4
promote,8
radiation,0
positive,8
luteinize,0
stimulating,0
osteoporosis,5
postmenopausal,5
growth,0
answer,1
eat,8
poor,5
present,2
cognitive,5
commonly,2
outcome,2
combine,8
swing,5
dosage,4
approve,4
schedule,3
strong,2
facial,5
secondary,0
signs.(moderate,2
play,5
gonadotropin,0
comprehensive,3
oral,4
contribute,0
topic,1
variety,3
concentration,2
morning,2
size,0
improvement,5
lab,3
slow,4
chronic,0
elevated,0
directly,4
red,0
evaluate,2
approach,3
achieve,4
administration,4
fast,9
particularly,8
decide,1
live,1
absorb,4
responsible,0
onset,6
bad,1
guideline,2
minute,4
puberty,0
relationship,6
exogenous,0
assess,2
scot,1
actually,1
regular,8
strength,5
mental,5
monitor,3
week,4
enhance,8
potentially,2
reach,3
event,2
stop,1
sure,1
want,1
fertility,0
prescription,3
appointment,3
defy,3
appear,2
pressure,0
syndrome,0
placebo.53,2
sperm,0
apnea,0
begin,3
psychological,5
safe,3
possible,2
online,6
apply,4
analysis,2
stimulate,0
ovary,0
system,4
lose,1
clinical,2
cell,0
skin,4
read,3
recommend,2
drop,1
available,6
ability,5
protein,8
add,8
protocol,3
testing,2
physician,3
hamper,0
development,0
new,9
goal,3
control,2
likely,1
receive,7
case,4
healthcare,3
necessary,3
article,3
create,4
generally,4
today,1
density,5
ask,1
adult,6
reproductive,0
stroke,2
team,3
support,7
halt,2
occur,0
testicular,0
type,0
plan,3
evidence,2
brain,0
confirm,3
information,3
infertility,0
able,1
accord,7
method,4
month,4
cardiovascular,2
urologist,1
review,6
deliver,4
maybe,1
stay,1
obesity,0
progressively,0
erection,5
drug,0
diabetes,0
smith,1
activity,5
regulate,0
appropriate,3
seek,3
recommendation,2
checker,3
fat,5
try,1
kind,1
trial,2
develop,0
current,2
safety,6
medicine,7
understand,3
injury,0
especially,0
lower,0
note,4
boost,8
perform,2
optimal,3
gain,5
specific,2
late,6
form,4
prescribe,3
suffer,5
statement,2
without,2
day,4
involve,4
professional,3
indicate,2
impact,2
pill,4
shrunken,0
gland,0
exercise,8
typically,4
raise,0
focus,5
fact,9
intricately,5
free,0
cancer,0
maintain,5
step,3
discuss,3
year,10
expert,3
base,2
sleep,0
require,4
general,7
restore,5
stress,8
breast,0
potential,3
early,5
concern,1
different,1
example,10
come,1
offer,3
specialist,3
depend,4
talk,1
injection,4
quality,3
menopause,5
key,3
depression,5
woman,7
weight,5
diagnosis,2
gel,4
research,7
hair,0
pituitary,0
people,1
testis,0
consider,2
diabete,0
overall,5
testicle,0
significant,2
sign,5
question,1
prostate,0
suggest,2
measure,2
vary,2
check,3
aging,5
right,1
avoid,4
follow,2
decline,5
feel,1
look,1
tell,1
work,1
associate,0
lot,1
lack,5
way,1
common,4
manage,3
individual,2
benefit,1
provide,3
think,1
role,0
hormonal,0
term,2
clinic,3
disease,0
effective,4
old,1
function,0
factor,5
haul,1
know,1
great,1
balance,3
primary,0
loss,5
total,2
naturally,0
mean,1
medication,4
physical,5
sex,5
contact,4
lead,0
issue,5
natural,0
storage,5
libido,5
study,2
thing,1
care,3
sexual,5
mass,5
treat,3
deficiency,2
bone,5
healthy,8
reduce,5
time,1
muscle,5
heart,5
process,3
range,2
produce,0
affect,0
decrease,5
certain,0
diagnose,2
fatigue,5
energy,5
option,3
improve,5
effect,4
mood,5
find,8
provider,3
start,1
normal,2
long,4
good,1
use,4
life,1
problem,0
hypogonadism,6
erectile,5
relate,2
risk,2
experience,5
dysfunction,5
production,0
body,5
doctor,3
test,2
lifestyle,8
change,1
age,5
therapy,2
like,1
increase,5
medical,3
result,2
male,6
high,0
help,1
condition,0
replacement,3
need,3
patient,3
important,8
drive,5
symptom,5
health,7
blood,0
hormone,0
include,0
cause,0
trt,3
not,1
treatment,3
man,5
level,0
low,5
testosterone,2
